model,species,early_from,early_to,early_med,late_med,shift_lo,shift_med,shift_hi,p_increase
main,MALL,1956,1965,0.42954132780296533,0.21675203232965254,-0.36424304126250817,-0.21348000893364116,-0.059671581041276525,0.013333333333333334
main,NOPI,1956,1965,0.7879615909577731,1.2549214779103657,0.1968166766465606,0.4694335953092259,0.7567629671952463,1
main,BWTE,1956,1965,0.4376220367371446,0.6580273760294939,-0.05602097712355092,0.2280378836639271,0.5148587775352356,0.9533333333333334
main,GADW,1956,1965,0.40450730449982575,0.3360341928001531,-0.34976149019640157,-0.05860403050032442,0.16841890394947406,0.32
main,NSHO,1956,1965,0.6162034592740182,0.8216284076299978,-0.012098048000774582,0.20759230939620926,0.40164197822869574,0.9633333333333334
main,CANV,1956,1965,0.25937098888473487,0.5436237194193909,-6.847804636834235e-4,0.2884019403874678,0.5454063796070299,0.9733333333333334
year_re,MALL,1956,1965,0.42082530229294224,0.2732546907909513,-0.3114401300393799,-0.1511735250840678,-0.0014367760671263234,0.023333333333333334
year_re,NOPI,1956,1965,0.7875801512939702,1.105120769993131,-0.037782942285138066,0.3174337436390513,0.6703404369490173,0.9566666666666667
year_re,BWTE,1956,1965,0.4362054239157622,0.6206741147569003,-0.005750563987985375,0.18584577056249443,0.37172220264177314,0.9633333333333334
year_re,GADW,1956,1965,0.3873766567189456,0.31760045992898334,-0.25588154892550613,-0.08165266210468655,0.10752764563624104,0.21
year_re,NSHO,1956,1965,0.6812851546409227,0.7731680466690768,-0.0993007250843618,0.09781168024640624,0.28977218589596504,0.7966666666666666
year_re,CANV,1956,1965,0.15240388536516034,0.6848695370648137,0.2792957391681994,0.53168724312756,0.7516480260453307,1
