stratum,year,ponds,ponds_se,log_ponds_c,log_ponds_lag_c
26,1955,664698,31534,0.4368206233649268,
26,1956,557221,62304,0.2604497508357735,0.4368206233649268
26,1957,421417,52653,-0.01888933652743141,0.2604497508357735
26,1958,403035,42428,-0.06348877199110348,-0.01888933652743141
26,1959,249349,28949,-0.5436586572449187,-0.06348877199110348
26,1960,515330,76071,0.18229529335113703,-0.5436586572449187
26,1961,358196,74458,-0.1814318561834778,0.18229529335113703
26,1962,395508,59134,-0.08234116423871285,-0.1814318561834778
26,1963,543023,70647,0.23463949750939506,-0.08234116423871285
26,1964,366657,44749,-0.15808537266743627,0.23463949750939506
26,1965,601686,81215,0.33722353574471065,-0.15808537266743627
26,1966,490191,58540,0.1322829322704493,0.33722353574471065
26,1967,377493,82303,-0.1289601533311,0.1322829322704493
26,1968,266132,42321,-0.47851975250534373,-0.1289601533311
26,1969,483245,85885,0.11801159262153149,-0.47851975250534373
26,1970,531228,92724,0.212679128814532,0.11801159262153149
26,1971,585392,94027,0.3097695294930176,0.212679128814532
26,1972,517134,80922,0.18578984974411306,0.3097695294930176
26,1973,683871,99134,0.4652571245428696,0.18578984974411306
26,1974,947344,132848,0.7911501007999338,0.4652571245428696
26,1975,428156,76557,-0.003024563647670675,0.7911501007999338
26,1976,459595,59869,0.06783348808828649,-0.003024563647670675
26,1977,433788,68438,0.010043756690972572,0.06783348808828649
26,1978,295812,29131,-0.3727880613967365,0.010043756690972572
26,1979,617173,83649,0.3626371947807776,-0.3727880613967365
26,1980,281191,48779,-0.42347802506748167,0.3626371947807776
26,1981,365159,50738,-0.1621793036343444,-0.42347802506748167
26,1982,374594,56144,-0.13666940600507438,-0.1621793036343444
26,1983,318745,38524,-0.29812076872680215,-0.13666940600507438
26,1984,386351,64264,-0.10576589609900822,-0.29812076872680215
26,1985,493458,98055,0.1389255700669061,-0.10576589609900822
26,1986,514467,84651,0.18061923447346118,0.1389255700669061
26,1987,325047,75447,-0.2785423915433416,0.18061923447346118
26,1988,229287,36955,-0.6275376848321805,-0.2785423915433416
26,1989,273985,41025,-0.4494388184379101,-0.6275376848321805
26,1990,467916,66911,0.08577661382651058,-0.4494388184379101
26,1991,445659,42620,0.03704190679137298,0.08577661382651058
26,1992,328103,39325,-0.2691845953228498,0.03704190679137298
26,1993,344031,39970,-0.22178040920965714,-0.2691845953228498
26,1994,406094,51218,-0.05592751890483072,-0.22178040920965714
26,1995,417916,60963,-0.027231723409490982,-0.05592751890483072
26,1996,522064,56785,0.19527800692930342,-0.027231723409490982
26,1997,653604,89648,0.41998948467620956,0.19527800692930342
26,1998,358099,58401,-0.1817026943174671,0.41998948467620956
26,1999,469520,72105,0.08919871744818231,-0.1817026943174671
26,2000,345901,48991,-0.21635957185399057,0.08919871744818231
26,2001,226432,20155,-0.6400674997046316,-0.21635957185399057
26,2002,249379,25007,-0.5435383511861591,-0.6400674997046316
26,2003,384054,53189,-0.11172901110093925,-0.5435383511861591
26,2004,270952,50904,-0.46057049538132766,-0.11172901110093925
26,2005,539557,67413,0.22823625369812817,-0.46057049538132766
26,2006,539787,66413,0.22866243849830603,0.22823625369812817
26,2007,524874,117247,0.20064605498511767,0.22866243849830603
26,2008,525585,63413,0.20199974914847907,0.20064605498511767
26,2009,346492,38628,-0.2146524484615604,0.20199974914847907
26,2010,245872,22780,-0.5577011034889203,-0.2146524484615604
26,2011,485855,61385,0.12339804667274912,-0.5577011034889203
26,2012,421176,35880,-0.01946138022248256,0.12339804667274912
26,2013,631385,66670,0.3854036403087253,-0.01946138022248256
26,2014,621016,56052,0.36884466769500257,0.3854036403087253
26,2015,602328,55061,0.3382899686281231,0.36884466769500257
26,2016,450480,41696,0.04780150214446621,0.3382899686281231
26,2017,756627,72386,0.5663582187238241,0.04780150214446621
26,2018,600352,54464,0.3350039710593027,0.5663582187238241
26,2019,560981,56461,0.2671748580545703,0.3350039710593027
26,2022,485905,71377,0.1235009527401818,
26,2023,338841,33167,-0.23698120799747713,0.1235009527401818
26,2024,352198,46142,-0.19831866134762421,-0.23698120799747713
26,2025,331507,34398,-0.25886325326015935,-0.19831866134762421
26,2026,455078,86307,0.05795665402828298,-0.25886325326015935
27,1955,256278,28321,0.7612623192746408,
27,1956,236564,29562,0.6812183109293724,0.7612623192746408
27,1957,122624,19190,0.024122289407026543,0.6812183109293724
27,1958,163615,27905,0.31251563350589784,0.024122289407026543
27,1959,78160,14246,-0.42624246576678715,0.31251563350589784
27,1960,144335,19105,0.18713651311050583,-0.42624246576678715
27,1961,105836,15086,-0.12310974730371882,0.18713651311050583
27,1962,84878,13194,-0.3437855421499112,-0.12310974730371882
27,1963,127949,29954,0.06663127352099174,-0.3437855421499112
27,1964,97113,27902,-0.20912522457024707,0.06663127352099174
27,1965,197469,40374,0.5005811364947181,-0.20912522457024707
27,1966,162580,24581,0.30616971481711097,0.5005811364947181
27,1967,155856,25372,0.2639320305272861,0.30616971481711097
27,1968,43628,4072,-1.0093013274348177,0.2639320305272861
27,1969,156377,26303,0.2672692849721585,-1.0093013274348177
27,1970,187139,40639,0.4468511827391435,0.2672692849721585
27,1971,196601,36421,0.49617582066880495,0.4468511827391435
27,1972,92732,19625,-0.2552868609286669,0.49617582066880495
27,1973,136385,19444,0.13048129518634255,-0.2552868609286669
27,1974,259125,53080,0.7723100972546284,0.13048129518634255
27,1975,205809,40527,0.5419480807208537,0.7723100972546284
27,1976,144151,16140,0.18586088777720988,0.5419480807208537
27,1977,53011,11347,-0.8145010343143149,0.18586088777720988
27,1978,89800,16604,-0.2874154981931607,-0.8145010343143149
27,1979,124870,26600,0.042272722625739334,-0.2874154981931607
27,1980,68122,7090,-0.5637002581847987,0.042272722625739334
27,1981,80505,16650,-0.39668117920441226,-0.5637002581847987
27,1982,86406,10284,-0.3259433556580138,-0.39668117920441226
27,1983,56044,4416,-0.7588633769923288,-0.3259433556580138
27,1984,69838,8705,-0.5388221992643185,-0.7588633769923288
27,1985,170249,41310,0.35226159779593225,-0.5388221992643185
27,1986,70722,16279,-0.5262437750288278,0.35226159779593225
27,1987,151517,58133,0.23569735637402367,-0.5262437750288278
27,1988,61562,11147,-0.6649556764294005,0.23569735637402367
27,1989,111181,26778,-0.07384096959298247,-0.6649556764294005
27,1990,116410,33327,-0.027882031241164285,-0.07384096959298247
27,1991,83147,17297,-0.3643903478878787,-0.027882031241164285
27,1992,78342,16827,-0.4239166158473573,-0.3643903478878787
27,1993,139138,10445,0.15046577287908747,-0.4239166158473573
27,1994,122543,19501,0.02346151529838103,0.15046577287908747
27,1995,93242,22912,-0.24980220954235577,0.02346151529838103
27,1996,138365,23183,0.14489464752673165,-0.24980220954235577
27,1997,199007,29891,0.508339526483919,0.14489464752673165
27,1998,78697,4548,-0.4193954382454361,0.508339526483919
27,1999,104612,10080,-0.13474220569729844,-0.4193954382454361
27,2000,89314,12233,-0.29284222299075147,-0.13474220569729844
27,2001,67556,7984,-0.5720435899456398,-0.29284222299075147
27,2002,80102,11560,-0.40169965094970195,-0.5720435899456398
27,2003,167198,17518,0.3341782653552574,-0.40169965094970195
27,2004,61827,9611,-0.6606603112438343,0.3341782653552574
27,2005,98248,21406,-0.19750557919323164,-0.6606603112438343
27,2006,165211,22826,0.3222229713252336,-0.19750557919323164
27,2007,323372,68758,0.9938028898068403,0.3222229713252336
27,2008,123835,11082,0.033949560848020255,0.9938028898068403
27,2009,95757,8519,-0.22318674106314162,0.033949560848020255
27,2010,93710,6936,-0.24479556636558186,-0.22318674106314162
27,2011,209769,27562,0.5610064517721209,-0.24479556636558186
27,2012,143670,22271,0.18251852952131387,0.5610064517721209
27,2013,219067,12709,0.6043771455993472,0.18251852952131387
27,2014,217032,14551,0.5950443346049745,0.6043771455993472
27,2015,178291,22178,0.39841657336916647,0.5950443346049745
27,2016,137733,10735,0.14031655493760375,0.39841657336916647
27,2017,168492,23074,0.34188779741919184,0.14031655493760375
27,2018,197911,13636,0.5028169611905877,0.34188779741919184
27,2019,157955,28279,0.2773097088329628,0.5028169611905877
27,2022,88749,18677,-0.29918831281490377,
27,2023,90994,7319,-0.27420690322414387,-0.29918831281490377
27,2024,87529,13622,-0.31303030647663377,-0.27420690322414387
27,2025,98323,8246,-0.19674249609715666,-0.31303030647663377
27,2026,110957,12136,-0.07585773463024559,-0.19674249609715666
28,1955,188752,25435,0.7341755500182643,
28,1956,149253,18229,0.49938441849198867,0.7341755500182643
28,1957,77390,11014,-0.1574008607988553,0.49938441849198867
28,1958,115683,16587,0.2445952576029189,-0.1574008607988553
28,1959,78194,6610,-0.14706551581628524,0.2445952576029189
28,1960,142519,12300,0.45321689007271715,-0.14706551581628524
28,1961,81952,18004,-0.10012472406410744,0.45321689007271715
28,1962,73218,8013,-0.2128171417034661,-0.10012472406410744
28,1963,49067,4536,-0.6130717229993721,-0.2128171417034661
28,1964,62074,7569,-0.3779312123616574,-0.6130717229993721
28,1965,95495,9624,0.052815456013894035,-0.3779312123616574
28,1966,134933,19863,0.3985199248651412,0.052815456013894035
28,1967,215824,43657,0.8682048266461013,0.3985199248651412
28,1968,47294,4705,-0.6498749965237565,0.8682048266461013
28,1969,125330,23767,0.32469182454220835,-0.6498749965237565
28,1970,86500,12867,-0.04611402014339028,0.32469182454220835
28,1971,121414,11619,0.2929477591472498,-0.04611402014339028
28,1972,60060,6747,-0.4109143715260384,0.2929477591472498
28,1973,121316,20636,0.292140277539497,-0.4109143715260384
28,1974,124084,17639,0.3147003215337314,0.292140277539497
28,1975,178280,27376,0.6770969139971328,0.3147003215337314
28,1976,104144,9207,0.13951612274880887,0.6770969139971328
28,1977,45431,4230,-0.6900637426657497,0.13951612274880887
28,1978,88634,8239,-0.021742902903975292,-0.6900637426657497
28,1979,100739,9570,0.10627457964343456,-0.021742902903975292
28,1980,59124,10919,-0.4266215007313967,0.10627457964343456
28,1981,58943,7950,-0.4296875588474496,-0.4266215007313967
28,1982,66784,10432,-0.30479490318643343,-0.4296875588474496
28,1983,58022,5672,-0.4454361851099584,-0.30479490318643343
28,1984,42892,4212,-0.7475731057233244,-0.4454361851099584
28,1985,89250,15910,-0.014817013421474456,-0.7475731057233244
28,1986,46371,3425,-0.6695841702429313,-0.014817013421474456
28,1987,58119,15879,-0.4437658013083041,-0.6695841702429313
28,1988,52705,5121,-0.541548106374071,-0.4437658013083041
28,1989,57836,7414,-0.448647014915343,-0.541548106374071
28,1990,66153,6822,-0.3142881930746828,-0.448647014915343
28,1991,73487,8193,-0.2091499142542066,-0.3142881930746828
28,1992,47976,3375,-0.6355575482150151,-0.2091499142542066
28,1993,90746,10823,0.0018059609573253255,-0.6355575482150151
28,1994,69750,5665,-0.2613410133797487,0.0018059609573253255
28,1995,58766,4770,-0.4326949777093443,-0.2613410133797487
28,1996,130494,7193,0.3650688146130552,-0.4326949777093443
28,1997,143245,28280,0.4582980168905042,0.3650688146130552
28,1998,66328,4536,-0.311646303267306,0.4582980168905042
28,1999,67172,9067,-0.2990019400484609,-0.311646303267306
28,2000,63063,4519,-0.3621242073566062,-0.2990019400484609
28,2001,56585,4563,-0.47051450166331854,-0.3621242073566062
28,2002,59887,6392,-0.41379898089452105,-0.47051450166331854
28,2003,159493,10421,0.565741600033272,-0.41379898089452105
28,2004,97648,11070,0.07511074172091625,0.565741600033272
28,2005,52992,3581,-0.536117475318429,0.07511074172091625
28,2006,170624,17619,0.633203871034965,-0.536117475318429
28,2007,253077,59523,1.0274353561679792,0.633203871034965
28,2008,87338,10390,-0.036472785301336685,1.0274353561679792
28,2009,107409,9980,0.17038554336529188,-0.036472785301336685
28,2010,132128,14315,0.3775127156224567,0.17038554336529188
28,2011,154782,19398,0.5357592412437011,0.3775127156224567
28,2012,107654,14931,0.1726639464935431,0.5357592412437011
28,2013,157948,36622,0.5560074308518193,0.1726639464935431
28,2014,177836,18341,0.6746033431940113,0.5560074308518193
28,2015,124503,12180,0.31807137791876805,0.6746033431940113
28,2016,90495,5576,-9.638335203874249e-4,0.31807137791876805
28,2017,138182,19807,0.42231322274933625,-9.638335203874249e-4
28,2018,204452,21657,0.8140747950244531,0.42231322274933625
28,2019,118747,16425,0.2707367453565137,0.8140747950244531
28,2022,64846,6011,-0.3342432060229594,
28,2023,85951,8618,-0.052481067648725954,-0.3342432060229594
28,2024,96686,15756,0.06521018023385317,-0.052481067648725954
28,2025,70181,3187,-0.25518081495386014,0.06521018023385317
28,2026,83860,10458,-0.0771096923386061,-0.25518081495386014
29,1955,157117,42725,0.5003420587510092,
29,1956,95044,19371,-0.0023087497157394665,0.5003420587510092
29,1957,67026,14351,-0.3515680881697403,-0.0023087497157394665
29,1958,98759,27090,0.03603384688230271,-0.3515680881697403
29,1959,111453,20959,0.15695428538349532,0.03603384688230271
29,1960,160368,37155,0.5208224822960048,0.15695428538349532
29,1961,49751,16983,-0.6496181280814035,0.5208224822960048
29,1962,52549,9859,-0.5949026243403281,-0.6496181280814035
29,1963,57578,12147,-0.5035081416884619,-0.5949026243403281
29,1964,118608,28804,0.21917524592785753,-0.5035081416884619
29,1965,104179,27388,0.08946188151311318,0.21917524592785753
29,1966,76200,13470,-0.22328722929390565,0.08946188151311318
29,1967,169890,39083,0.5785024768073175,-0.22328722929390565
29,1968,80902,24641,-0.16341014634877737,0.5785024768073175
29,1969,94544,27644,-0.007583357383186495,-0.16341014634877737
29,1970,77844,28889,-0.20194186796758729,-0.007583357383186495
29,1971,78039,23439,-0.1994399902552626,-0.20194186796758729
29,1972,61204,14544,-0.44243614512693874,-0.1994399902552626
29,1973,83588,22316,-0.13074872286865435,-0.44243614512693874
29,1974,64073,10929,-0.39662563364529113,-0.13074872286865435
29,1975,145626,29053,0.4243929992626718,-0.39662563364529113
29,1976,123706,30997,0.26125909068187525,0.4243929992626718
29,1977,55778,9787,-0.5352691655751869,0.26125909068187525
29,1978,145626,36419,0.4243929992626718,-0.5352691655751869
29,1979,153665,32590,0.4781262162962303,0.4243929992626718
29,1980,52135,14686,-0.60281218374495,0.4781262162962303
29,1981,64692,21526,-0.3870111457289749,-0.60281218374495
29,1982,103313,28899,0.0811145232684467,-0.3870111457289749
29,1983,64305,12824,-0.39301130326845524,0.0811145232684467
29,1984,38815,5862,-0.8978419221288618,-0.39301130326845524
29,1985,75313,19225,-0.23499592931942104,-0.8978419221288618
29,1986,95957,33052,0.007251482470028492,-0.23499592931942104
29,1987,72083,27181,-0.2788304591307753,0.007251482470028492
29,1988,74322,17873,-0.24824168718638795,-0.2788304591307753
29,1989,105858,38627,0.10544988138747691,-0.24824168718638795
29,1990,121656,31499,0.244548697851652,0.10544988138747691
29,1991,93444,21395,-0.01928636560365682,0.244548697851652
29,1992,48799,9861,-0.668938871140643,-0.01928636560365682
29,1993,115923,26510,0.1962774856082259,-0.668938871140643
29,1994,121988,31002,0.24727398725328698,0.1962774856082259
29,1995,118814,35092,0.22091055311669372,0.24727398725328698
29,1996,112943,13103,0.17023457468209635,0.22091055311669372
29,1997,104584,15550,0.09334188427305357,0.17023457468209635
29,1998,56219,7593,-0.5273939139306343,0.09334188427305357
29,1999,74707,8823,-0.24307489607207344,-0.5273939139306343
29,2000,54849,9870,-0.552064736972028,-0.24307489607207344
29,2001,75130,18907,-0.23742874560543648,-0.552064736972028
29,2002,87493,25951,-0.0850899018231086,-0.23742874560543648
29,2003,177655,23634,0.6231947753138449,-0.0850899018231086
29,2004,80278,9169,-0.1711530811738804,0.6231947753138449
29,2005,59577,10073,-0.4693790984363684,-0.1711530811738804
29,2006,120208,28267,0.23257488364029832,-0.4693790984363684
29,2007,124028,23780,0.26385865457970326,0.23257488364029832
29,2008,111987,20655,0.16173410114320674,0.26385865457970326
29,2009,137018,38428,0.3634636120724348,0.16173410114320674
29,2010,206651,24155,0.774382688059454,0.3634636120724348
29,2011,235202,59652,0.9037960274031729,0.774382688059454
29,2012,134028,17600,0.341400041360183,0.9037960274031729
29,2013,118100,24286,0.21488303121681085,0.341400041360183
29,2014,202551,49296,0.7543430147025862,0.21488303121681085
29,2015,117447,15612,0.20933847600803013,0.7543430147025862
29,2016,78925,11547,-0.18815065754245097,0.20933847600803013
29,2017,105054,15535,0.09782581168572868,-0.18815065754245097
29,2018,176261,36844,0.6153171591058832,0.09782581168572868
29,2019,109795,24655,0.1419662987114485,0.6153171591058832
29,2022,71991,6226,-0.28010758078360176,
29,2023,126614,25467,0.28449439612771954,-0.28010758078360176
29,2024,140437,45534,0.3881102976500781,0.28449439612771954
29,2025,79948,13653,-0.17527226865421142,0.3881102976500781
29,2026,66210,9287,-0.3638171830497505,-0.17527226865421142
30,1955,525462,74877,0.68127932414125425,
30,1956,315811,72564,0.17214538190980022,0.68127932414125425
30,1957,164066,17690,-0.4827297655856526,0.17214538190980022
30,1958,209975,33568,-0.23601007546568553,-0.4827297655856526
30,1959,57531,11019,-1.5306746185178888,-0.23601007546568553
30,1960,166280,18113,-0.46932543709294094,-1.5306746185178888
30,1961,142170,45642,-0.6259750268297708,-0.46932543709294094
30,1962,160311,25255,-0.5058828728812088,-0.6259750268297708
30,1963,144989,30612,-0.6063406740034409,-0.5058828728812088
30,1964,196851,23483,-0.30055145409037465,-0.6063406740034409
30,1965,327925,60012,0.20978637222383156,-0.30055145409037465
30,1966,350761,54275,0.27710652838193184,0.20978637222383156
30,1967,282303,84319,0.05998241071816146,0.27710652838193184
30,1968,231448,29298,-0.138643325212632,0.05998241071816146
30,1969,386743,80334,0.3747618382644884,-0.138643325212632
30,1970,278096,43210,0.044967826343746964,0.3747618382644884
30,1971,294264,69717,0.10147877212081902,0.044967826343746964
30,1972,349128,36113,0.27244006566189327,0.10147877212081902
30,1973,266781,43820,0.00342954563542186,0.27244006566189327
30,1974,427648,64056,0.475301875816859,0.00342954563542186
30,1975,395299,58819,0.39664388909780257,0.475301875816859
30,1976,201874,41579,-0.2753548110730968,0.39664388909780257
30,1977,176065,23570,-0.41214530643858005,-0.2753548110730968
30,1978,274088,42993,0.030450671230539683,-0.41214530643858005
30,1979,433416,53870,0.4886994543407752,0.030450671230539683
30,1980,265432,28500,-0.0016398641271546666,0.4886994543407752
30,1981,145930,23746,-0.5998714967977232,-0.0016398641271546666
30,1982,283612,38455,0.06460855540248645,-0.5998714967977232
30,1983,384934,48420,0.3700733395434206,0.06460855540248645
30,1984,283066,82297,0.06268153452304581,0.3700733395434206
30,1985,622251,73084,0.8503449968401462,0.06268153452304581
30,1986,343774,28491,0.2569859132480463,0.8503449968401462
30,1987,223794,21038,-0.17227256561041138,0.2569859132480463
30,1988,217588,47594,-0.20039518507506848,-0.17227256561041138
30,1989,208088,33589,-0.24503748432478822,-0.20039518507506848
30,1990,212982,32277,-0.22179089638112615,-0.24503748432478822
30,1991,194812,30215,-0.31096356052353613,-0.22179089638112615
30,1992,247891,26361,-0.07000941805695149,-0.31096356052353613
30,1993,167698,28919,-0.4608338087777675,-0.07000941805695149
30,1994,407268,70841,0.4264728939230622,-0.4608338087777675
30,1995,344941,53440,0.26037483643658277,0.4264728939230622
30,1996,408311,25764,0.42903058746002465,0.26037483643658277
30,1997,461590,29064,0.5516784997036872,0.42903058746002465
30,1998,146488,40317,-0.5960550376379654,0.5516784997036872
30,1999,313141,33661,0.1636550168606945,-0.5960550376379654
30,2000,214417,24745,-0.21507583437932354,0.1636550168606945
30,2001,139687,37999,-0.6435943460942397,-0.21507583437932354
30,2002,72858,21201,-1.2944862101776398,-0.6435943460942397
30,2003,136837,28101,-0.6642081150225003,-1.2944862101776398
30,2004,148151,23356,-0.5847665275649572,-0.6642081150225003
30,2005,411543,42233,0.4369149589277139,-0.5847665275649572
30,2006,456112,51244,0.5397398419139083,0.4369149589277139
30,2007,477294,52555,0.5851341017452167,0.5397398419139083
30,2008,422393,55674,0.46293760880766044,0.5851341017452167
30,2009,328293,49396,0.21090795084123393,0.46293760880766044
30,2010,244447,31413,-0.08400003497638409,0.21090795084123393
30,2011,455751,61005,0.5389480562643971,-0.08400003497638409
30,2012,317751,33444,0.17826950571547862,0.5389480562643971
30,2013,547969,84304,0.7232201645274667,0.17826950571547862
30,2014,491388,44244,0.6142354882871075,0.7232201645274667
30,2015,356857,32527,0.294336589832497,0.6142354882871075
30,2016,327781,29148,0.2093471509804239,0.294336589832497
30,2017,461745,50579,0.5520142391730154,0.2093471509804239
30,2018,343056,34785,0.2548951476683552,0.5520142391730154
30,2019,247386,30527,-0.07204868164079414,0.2548951476683552
30,2022,282063,55147,0.05913189876504177,
30,2023,199835,29218,-0.2855065254291276,0.05913189876504177
30,2024,208458,21544,-0.24326096937897113,-0.2855065254291276
30,2025,202630,25280,-0.2716168956001397,-0.24326096937897113
30,2026,304799,22810,0.1366539914898368,-0.2716168956001397
31,1955,844690,194440,0.7466779857219308,
31,1956,414848,121013,0.035620477660136984,0.7466779857219308
31,1957,399228,86014,-0.002759028160735255,0.035620477660136984
31,1958,318945,69095,-0.22727303629211626,-0.002759028160735255
31,1959,218670,68117,-0.6047279663566592,-0.22727303629211626
31,1960,692558,183914,0.5481002786480236,-0.6047279663566592
31,1961,219363,60715,-0.601563818549609,0.5481002786480236
31,1962,383369,122423,-0.0432937385797203,-0.601563818549609
31,1963,198501,50024,-0.7014975725209602,-0.0432937385797203
31,1964,357343,70218,-0.11359560558335247,-0.7014975725209602
31,1965,439897,126646,0.09424889818077098,-0.11359560558335247
31,1966,587304,165704,0.3832508629156077,0.09424889818077098
31,1967,642054,184032,0.4723807018833739,0.3832508629156077
31,1968,329573,72191,-0.1944938332147217,0.4723807018833739
31,1969,469731,141663,0.15986848001037757,-0.1944938332147217
31,1970,603695,168458,0.41077739308979133,0.15986848001037757
31,1971,406953,107966,0.01640598923999903,0.41077739308979133
31,1972,646164,203078,0.47876163111322256,0.01640598923999903
31,1973,466551,129079,0.153075628651834,0.47876163111322256
31,1974,836676,176396,0.7371451883550932,0.153075628651834
31,1975,806149,180010,0.6999768785261544,0.7371451883550932
31,1976,398981,98895,-0.003377913710469471,0.6999768785261544
31,1977,254673,63264,-0.45231134111976345,-0.003377913710469471
31,1978,393614,89860,-0.01692097676766835,-0.45231134111976345
31,1979,697459,177092,0.5551520201869309,-0.01692097676766835
31,1980,311330,65029,-0.2514382675535902,0.5551520201869309
31,1981,160516,29102,-0.9138980843438667,-0.2514382675535902
31,1982,629722,134981,0.45298674173723086,-0.9138980843438667
31,1983,715446,175579,0.5806144140313698,0.45298674173723086
31,1984,548332,142806,0.31458923249857307,0.5806144140313698
31,1985,737129,148484,0.6104712003750983,0.31458923249857307
31,1986,402474,64960,0.005338788080004875,0.6104712003750983
31,1987,260876,44577,-0.42824651177539863,0.005338788080004875
31,1988,378725,84045,-0.05548136237450407,-0.42824651177539863
31,1989,220599,33846,-0.5959451367013315,-0.05548136237450407
31,1990,284859,59029,-0.34029738941499765,-0.5959451367013315
31,1991,213222,41324,-0.6299578339574374,-0.34029738941499765
31,1992,376385,97848,-0.061679154723851326,-0.6299578339574374
31,1993,189633,39345,-0.7472010851101132,-0.061679154723851326
31,1994,564677,113107,0.3439621758394935,-0.7472010851101132
31,1995,680902,180332,0.5311266793545979,0.3439621758394935
31,1996,666917,127224,0.5103738899726,0.5311266793545979
31,1997,497368,91994,0.21703848434125206,0.5103738899726
31,1998,284623,77885,-0.34112621284931066,0.21703848434125206
31,1999,344405,92886,-0.15047341996837815,-0.34112621284931066
31,2000,272859,43254,-0.3833365321739688,-0.15047341996837815
31,2001,202365,46995,-0.682218712860001,-0.3833365321739688
31,2002,127377,17266,-1.1451405173309706,-0.682218712860001
31,2003,275468,62445,-0.37382024102223177,-1.1451405173309706
31,2004,277817,70243,-0.36532908686660015,-0.37382024102223177
31,2005,527635,144845,0.27611304635894207,-0.36532908686660015
31,2006,624197,147616,0.4441743132543632,0.27611304635894207
31,2007,1076681,165832,0.9893467297345868,0.4441743132543632
31,2008,382709,74647,-0.04501680114852391,0.9893467297345868
31,2009,437833,93000,0.08954584871359828,-0.04501680114852391
31,2010,761893,152581,0.6435144154604444,0.08954584871359828
31,2011,586465,129139,0.381821279849623,0.6435144154604444
31,2012,392778,74437,-0.01904714365373472,0.381821279849623
31,2013,459849,86150,0.13860646430529222,-0.01904714365373472
31,2014,405130,82053,0.011916292836453124,0.13860646430529222
31,2015,397514,70897,-0.007061556818932502,0.011916292836453124
31,2016,384075,66003,-0.04145386440216825,-0.007061556818932502
31,2017,477636,63684,0.1765572257032293,-0.04145386440216825
31,2018,346804,61865,-0.14353193155364607,0.1765572257032293
31,2019,247444,33099,-0.4811074166376592,-0.14353193155364607
31,2022,457794,82007,0.13412759085379378,
31,2023,329244,53719,-0.1954925931961693,0.13412759085379378
31,2024,252485,42152,-0.4609398694086728,-0.1954925931961693
31,2025,219272,47560,-0.6019787421252722,-0.4609398694086728
31,2026,433399,106230,0.0793670713433734,-0.6019787421252722
32,1955,958005,37533,0.7200016254254198,
32,1956,729674,44270,0.44774648731700495,0.7200016254254198
32,1957,344416,31517,-0.3030011426566137,0.44774648731700495
32,1958,368032,24877,-0.23668148082833085,-0.3030011426566137
32,1959,160002,8473,-1.0696650565827994,-0.23668148082833085
32,1960,394964,25287,-0.16605675023131994,-1.0696650565827994
32,1961,252231,32517,-0.6145060374427249,-0.16605675023131994
32,1962,311113,44800,-0.40469518150128536,-0.6145060374427249
32,1963,268896,30204,-0.550526683992695,-0.40469518150128536
32,1964,322555,42832,-0.3685777074077574,-0.550526683992695
32,1965,610148,66555,0.268850178951487,-0.3685777074077574
32,1966,595118,71520,0.24390833347218077,0.268850178951487
32,1967,688814,63621,0.39011990637171756,0.24390833347218077
32,1968,404228,53038,-0.1428722965309106,0.39011990637171756
32,1969,781769,78682,0.5167079287492555,-0.1428722965309106
32,1970,733388,60771,0.45282352161596684,0.5167079287492555
32,1971,495343,46975,0.060399080158461516,0.45282352161596684
32,1972,357204,44445,-0.266544324590571,0.060399080158461516
32,1973,326802,29737,-0.3554968888203405,-0.266544324590571
32,1974,755035,58771,0.48191273405193513,-0.3554968888203405
32,1975,785676,52986,0.5216931219668073,0.48191273405193513
32,1976,553390,49870,0.1712116253390228,0.5216931219668073
32,1977,265677,32081,-0.5625700865133485,0.1712116253390228
32,1978,566432,41101,0.19450566622024468,-0.5625700865133485
32,1979,660383,52285,0.34796859800158053,0.19450566622024468
32,1980,358224,33315,-0.2636928826813616,0.34796859800158053
32,1981,126223,11610,-1.3068011878407795,-0.2636928826813616
32,1982,704505,71640,0.41264405680712635,-1.3068011878407795
32,1983,711918,52146,0.423111364501743,0.41264405680712635
32,1984,266938,32861,-0.5578349500409363,0.423111364501743
32,1985,722930,96171,0.4384610269225071,-0.5578349500409363
32,1986,615206,74046,0.2771057993312507,0.4384610269225071
32,1987,347497,34286,-0.29409533986444636,0.2771057993312507
32,1988,149146,15141,-1.139925679776324,-0.29409533986444636
32,1989,222911,30289,-0.7380787830802511,-1.139925679776324
32,1990,277138,25999,-0.5203357946632163,-0.7380787830802511
32,1991,437338,52331,-0.06414502022780155,-0.5203357946632163
32,1992,349776,51596,-0.28755842214246563,-0.06414502022780155
32,1993,337279,31238,-0.3239408907255896,-0.28755842214246563
32,1994,742871,62906,0.4656710374478763,-0.3239408907255896
32,1995,343488,32793,-0.3056991951841379,0.4656710374478763
32,1996,1041421,79765,0.8034900339492648,-0.3056991951841379
32,1997,972050,66554,0.734555871728146,0.8034900339492648
32,1998,344989,32699,-0.30133883927342,0.734555871728146
32,1999,807043,51955,0.5485255788789551,-0.30133883927342
32,2000,322493,29853,-0.36876994116459727,0.5485255788789551
32,2001,378874,42358,-0.20764767575695764,-0.36876994116459727
32,2002,193792,36671,-0.8780659528036274,-0.20764767575695764
32,2003,851096,94817,0.6016735589331113,-0.8780659528036274
32,2004,372215,43763,-0.22537972742892443,0.6016735589331113
32,2005,550857,49339,0.16662387560048764,-0.22537972742892443
32,2006,636964,80562,0.3118617673229753,0.16662387560048764
32,2007,600079,66379,0.25220994147701603,0.3118617673229753
32,2008,251415,44262,-0.6177464114911704,0.25220994147701603
32,2009,640724,58497,0.31774741523408956,-0.6177464114911704
32,2010,766013,93085,0.4963477691374525,0.31774741523408956
32,2011,924670,57422,0.6845855453643352,0.4963477691374525
32,2012,880236,72718,0.6353386815976165,0.6845855453643352
32,2013,888564,81116,0.6447553047758472,0.6353386815976165
32,2014,867290,68673,0.6205220358496941,0.6447553047758472
32,2015,770225,66137,0.5018313082170529,0.6205220358496941
32,2016,503192,59078,0.07612043527015722,0.5018313082170529
32,2017,584358,47834,0.22566243697220933,0.07612043527015722
32,2018,554663,61823,0.17350935037576853,0.22566243697220933
32,2019,359802,25120,-0.2592974915938271,0.17350935037576853
32,2022,383770,33763,-0.19480795693130837,
32,2023,564886,40090,0.19177256913814666,-0.19480795693130837
32,2024,338242,26148,-0.32108975611289914,0.19177256913814666
32,2025,330774,43193,-0.3434160090176803,-0.32108975611289914
32,2026,359149,49418,-0.26111402757351065,-0.3434160090176803
33,1955,213286,10963,0.8335721660563102,
33,1956,103113,12153,0.10676365223631024,0.8335721660563102
33,1957,72860,7469,-0.24052203043098075,0.10676365223631024
33,1958,108156,7358,0.15451280735087458,-0.24052203043098075
33,1959,79415,13735,-0.15437455472427963,0.15451280735087458
33,1960,90004,14127,-0.029207708224312512,-0.15437455472427963
33,1961,80336,8780,-0.1428439827190484,-0.029207708224312512
33,1962,45186,5082,-0.7182745176641276,-0.1428439827190484
33,1963,43277,11533,-0.7614405059569727,-0.7182745176641276
33,1964,64668,22877,-0.3597953332720376,-0.7614405059569727
33,1965,112182,15507,0.1910607303997942,-0.3597953332720376
33,1966,132956,15084,0.3609564244073393,0.1910607303997942
33,1967,194890,22085,0.7433734748225351,0.3609564244073393
33,1968,65120,17469,-0.3528301003171137,0.7433734748225351
33,1969,140011,16661,0.4126591689399053,-0.3528301003171137
33,1970,102559,17785,0.1013764207234118,0.4126591689399053
33,1971,120441,16981,0.2620981844570718,0.1013764207234118
33,1972,63142,9055,-0.3836756637417835,0.2620981844570718
33,1973,85656,24516,-0.07872254715542937,-0.3836756637417835
33,1974,122930,7521,0.2825532656678522,-0.07872254715542937
33,1975,192745,26695,0.732306249758361,0.2825532656678522
33,1976,96831,12196,0.0439053689365938,0.732306249758361
33,1977,44546,14914,-0.7325394588821048,0.0439053689365938
33,1978,161583,34081,0.5559571205220948,-0.7325394588821048
33,1979,130155,17569,0.3396642259021654,0.5559571205220948
33,1980,48114,9353,-0.6554886269584514,0.3396642259021654
33,1981,28420,5708,-1.181968699342443,-0.6554886269584514
33,1982,119019,25858,0.2502213222207601,-1.181968699342443
33,1983,95962,21524,0.034890457760411664,0.2502213222207601
33,1984,35218,9659,-0.967504506472812,0.034890457760411664
33,1985,108016,22205,0.15321754228811635,-0.967504506472812
33,1986,112817,18851,0.19670521491692483,0.15321754228811635
33,1987,150913,35804,0.4876416898197853,0.19670521491692483
33,1988,37148,7683,-0.9141518880976367,0.4876416898197853
33,1989,71109,10795,-0.2648479109345825,-0.9141518880976367
33,1990,56782,9483,-0.4898424479166046,-0.2648479109345825
33,1991,157120,41884,0.5279480225947584,-0.4898424479166046
33,1992,34489,7310,-0.9884213893942579,0.5279480225947584
33,1993,93982,17127,0.014041452560475065,-0.9884213893942579
33,1994,178041,27629,0.6529520388358261,0.014041452560475065
33,1995,52691,10741,-0.5646171590369171,0.6529520388358261
33,1996,197625,20375,0.7573094735182391,-0.5646171590369171
33,1997,163437,18666,0.5673657729697421,0.7573094735182391
33,1998,49289,6437,-0.6313608895908089,0.5673657729697421
33,1999,93533,14036,0.00925249319062793,-0.6313608895908089
33,2000,36607,6667,-0.9288223430607321,0.00925249319062793
33,2001,41981,8173,-0.7918446870355442,-0.9288223430607321
33,2002,68500,16457,-0.3022280767432175,-0.7918446870355442
33,2003,258746,45538,1.0267850635114915,-0.3022280767432175
33,2004,156775,30945,0.5257498344176863,1.0267850635114915
33,2005,115679,22079,0.221757291825039,0.5257498344176863
33,2006,87593,14928,-0.0563607359377194,0.221757291825039
33,2007,144895,17585,0.4469475201636275,-0.0563607359377194
33,2008,51422,12680,-0.5889957255586094,0.4469475201636275
33,2009,109183,21876,0.16396355152470576,-0.5889957255586094
33,2010,189975,51767,0.7178306625444506,0.16396355152470576
33,2011,227698,29240,0.8989583675326767,0.7178306625444506
33,2012,135196,15801,0.37766375536098096,0.8989583675326767
33,2013,99533,10576,0.07142742545815217,0.37766375536098096
33,2014,123776,9328,0.2894116583793771,0.07142742545815217
33,2015,106691,7611,0.1408749840977137,0.2894116583793771
33,2016,58942,7141,-0.45250791246452415,0.1408749840977137
33,2017,125860,12544,0.30610835608738896,-0.45250791246452415
33,2018,122674,17598,0.28046860831121023,0.30610835608738896
33,2019,109404,19923,0.16598563037936742,0.28046860831121023
33,2022,88260,24582,-0.0487748181699974,
33,2023,140805,22970,0.4183141324456674,-0.0487748181699974
33,2024,91405,17780,-0.01376164045234951,0.4183141324456674
33,2025,62774,7623,-0.389520847003034,-0.01376164045234951
33,2026,48899,4561,-0.6393048756374249,-0.389520847003034
34,1955,1198551,143436,1.0969811446453566,
34,1956,746712,56334,0.6237921071084429,1.0969811446453566
34,1957,636051,88094,0.46339128728921786,0.6237921071084429
34,1958,466716,88235,0.15383347411838244,0.46339128728921786
34,1959,169001,35165,-0.8619828294498788,0.15383347411838244
34,1960,487277,64239,0.19694528836953928,-0.8619828294498788
34,1961,58913,17025,-1.9158256821382107,0.19694528836953928
34,1962,269424,62244,-0.3956011146472562,-1.9158256821382107
34,1963,239079,49873,-0.515093420268256,-0.3956011146472562
34,1964,481798,116116,0.18563747755690407,-0.515093420268256
34,1965,435059,75916,0.08359419256016842,0.18563747755690407
34,1966,569686,84373,0.35319787033181527,0.08359419256016842
34,1967,545139,67190,0.3091533465009242,0.35319787033181527
34,1968,123577,18010,-1.1750230179498171,0.3091533465009242
34,1969,267136,53448,-0.4041295695005296,-1.1750230179498171
34,1970,721304,87454,0.5891732235218097,-0.4041295695005296
34,1971,608658,80586,0.41936907209694674,0.5891732235218097
34,1972,545974,82841,0.31068389404825325,0.41936907209694674
34,1973,227611,79120,-0.5642494300266918,0.31068389404825325
34,1974,943095,151578,0.8572795583558523,-0.5642494300266918
34,1975,763930,112712,0.6465887004170146,0.8572795583558523
34,1976,656617,86548,0.49521343417051433,0.6465887004170146
34,1977,338738,47694,-0.16666051430300044,0.49521343417051433
34,1978,545474,75953,0.3097676799272371,-0.16666051430300044
34,1979,667777,96887,0.5120668239516881,0.3097676799272371
34,1980,273319,42844,-0.38124785032438524,0.5120668239516881
34,1981,97262,18396,-1.4144790933127886,-0.38124785032438524
34,1982,247506,25804,-0.48045263737606625,-1.4144790933127886
34,1983,464631,45391,0.1493560806588583,-0.48045263737606625
34,1984,260341,58018,-0.4298951513534437,0.1493560806588583
34,1985,560424,96225,0.3368061785830747,-0.4298951513534437
34,1986,529120,66085,0.27932778771827316,0.3368061785830747
34,1987,251539,32101,-0.4642894144149565,0.27932778771827316
34,1988,213804,45756,-0.6268277540253777,-0.4642894144149565
34,1989,63931,9058,-1.834083084750354,-0.6268277540253777
34,1990,453632,67551,0.12539883514724082,-1.834083084750354
34,1991,257812,32277,-0.43965682438203046,0.12539883514724082
34,1992,378313,55152,-0.056165566205494954,-0.43965682438203046
34,1993,202973,21842,-0.6788144962454705,-0.056165566205494954
34,1994,472266,48114,0.16565492465246123,-0.6788144962454705
34,1995,560989,63526,0.33781383597211345,0.16565492465246123
34,1996,572991,63465,0.3589825482698945,0.33781383597211345
34,1997,578141,66248,0.3679303220441916,0.3589825482698945
34,1998,403037,50087,0.007140907631455917,0.3679303220441916
34,1999,614884,56929,0.4295461706145378,0.007140907631455917
34,2000,348144,40667,-0.13927127422604357,0.4295461706145378
34,2001,480083,54577,0.18207154410503001,-0.13927127422604357
34,2002,157284,44764,-0.9338343730898018,0.18207154410503001
34,2003,333625,39572,-0.18186985379052167,-0.9338343730898018
34,2004,281582,57097,-0.35146375972886723,-0.18186985379052167
34,2005,528010,67338,0.2772277614056424,-0.35146375972886723
34,2006,653893,82004,0.4910562679939563,0.2772277614056424
34,2007,488059,72516,0.19854883866926798,0.4910562679939563
34,2008,381112,63647,-0.0487941663326481,0.19854883866926798
34,2009,415188,50756,0.03684396818470148,-0.0487941663326481
34,2010,539068,57801,0.29795426099107125,0.03684396818470148
34,2011,580653,53723,0.37226587078682094,0.29795426099107125
34,2012,590340,71955,0.388811180590519,0.37226587078682094
34,2013,511762,68629,0.2459722117009484,0.388811180590519
34,2014,489857,61547,0.20222605026214246,0.2459722117009484
34,2015,597424,69467,0.40073961754755594,0.20222605026214246
34,2016,610225,90266,0.4219402801018184,0.40073961754755594
34,2017,510220,66437,0.2429545437377918,0.4219402801018184
34,2018,406454,70617,0.015583299937839357,0.2429545437377918
34,2019,242083,34419,-0.5026068189544635,0.015583299937839357
34,2022,539452,77516,0.29866634795510727,
34,2023,578161,30305,0.3679649150830375,0.29866634795510727
34,2024,336424,57086,-0.1735151923227285,0.3679649150830375
34,2025,482120,83776,0.18630558420493237,-0.1735151923227285
34,2026,564512,77761,0.3440741795987847,0.18630558420493237
35,1955,732851,54915,1.2141531739709581,
35,1956,452487,39874,0.7319698004083826,1.2141531739709581
35,1957,299313,36109,0.3187006155591803,0.7319698004083826
35,1958,343959,60552,0.45773323118652876,0.3187006155591803
35,1959,77376,6567,-1.0341125780448088,0.45773323118652876
35,1960,270172,24868,0.2162695601763147,-1.0341125780448088
35,1961,41837,10067,-1.6490081175720022,0.2162695601763147
35,1962,59938,10703,-1.2894785384053336,-1.6490081175720022
35,1963,129744,21722,-0.5172259548349345,-1.2894785384053336
35,1964,393969,37679,0.5934829929623024,-0.5172259548349345
35,1965,332170,29062,0.4228576530201824,0.5934829929623024
35,1966,388506,28624,0.5795193806667527,0.4228576530201824
35,1967,298965,31630,0.3175372766456732,0.5795193806667527
35,1968,58512,10554,-1.313557371630111,0.3175372766456732
35,1969,179628,29031,-0.1919011873160379,-1.313557371630111
35,1970,518056,67382,0.8672941114871939,-0.1919011873160379
35,1971,391727,36672,0.5877759355628687,0.8672941114871939
35,1972,302777,23454,0.3302073279133495,0.5877759355628687
35,1973,117041,26755,-0.6202649322742761,0.3302073279133495
35,1974,460946,35243,0.7504916664390411,-0.6202649322742761
35,1975,480885,81057,0.7928389232441067,0.7504916664390411
35,1976,670848,74378,1.1257533507025101,0.7928389232441067
35,1977,170320,23098,-0.24511021245191245,1.1257533507025101
35,1978,280655,28749,0.25433692397715824,-0.24511021245191245
35,1979,480873,34610,0.7928139689416724,0.25433692397715824
35,1980,137210,17810,-0.4612766341040526,0.7928139689416724
35,1981,52607,8387,-1.419940042299901,-0.4612766341040526
35,1982,210367,28707,-0.03393560858136979,-1.419940042299901
35,1983,323346,33137,0.39593372428258355,-0.03393560858136979
35,1984,131871,22574,-0.5009650610203771,0.39593372428258355
35,1985,207783,20642,-0.04629496715073067,-0.5009650610203771
35,1986,346258,46935,0.46439492889064304,-0.04629496715073067
35,1987,184291,14677,-0.16627320297751602,0.46439492889064304
35,1988,63390,13036,-1.2334831127410624,-0.16627320297751602
35,1989,73088,13794,-1.0911250384436464,-1.2334831127410624
35,1990,97383,17572,-0.8041375756098539,-1.0911250384436464
35,1991,144762,27187,-0.4076982184657716,-0.8041375756098539
35,1992,229072,32647,0.05124713158083516,-0.4076982184657716
35,1993,96326,13835,-0.81505096105791,0.05124713158083516
35,1994,287995,25883,0.28015388583699163,-0.81505096105791
35,1995,331352,35215,0.42039202139256915,0.28015388583699163
35,1996,381601,25575,0.5615863270786345,0.42039202139256915
35,1997,319462,27312,0.3838490978697795,0.5615863270786345
35,1998,241799,49647,0.10531756948570603,0.3838490978697795
35,1999,362340,35241,0.5097937645107287,0.10531756948570603
35,2000,209192,24855,-0.039536742495354105,0.5097937645107287
35,2001,292752,23722,0.29653660118507297,-0.039536742495354105
35,2002,15108,13690,-2.6675648281869258,0.29653660118507297
35,2003,287201,33842,0.2773930860250218,-2.6675648281869258
35,2004,224794,36428,0.032395194234744906,0.2773930860250218
35,2005,281204,28102,0.2562911515492683,0.032395194234744906
35,2006,260191,29107,0.17862674366520004,0.2562911515492683
35,2007,213295,22987,-0.02011304899726163,0.17862674366520004
35,2008,119297,21917,-0.6011730509384687,-0.02011304899726163
35,2009,279243,18799,0.24929313745385073,-0.6011730509384687
35,2010,166660,21012,-0.2668334240830763,0.24929313745385073
35,2011,375711,36993,0.5460309977939719,-0.2668334240830763
35,2012,361262,25912,0.5068142238308795,0.5460309977939719
35,2013,338206,27984,0.44086594425164094,0.5068142238308795
35,2014,366144,50055,0.5202374656089273,0.44086594425164094
35,2015,342781,23073,0.45430252624609757,0.5202374656089273
35,2016,203441,30012,-0.06741319648116573,0.45430252624609757
35,2017,289242,31354,0.2844744749186443,-0.06741319648116573
35,2018,162021,17883,-0.29506327657631815,0.2844744749186443
35,2019,166272,19558,-0.2691642314290572,-0.29506327657631815
35,2022,283909,24908,0.26586453124258824,
35,2023,304188,42031,0.33485669827821773,0.26586453124258824
35,2024,227039,36745,0.042332575854677756,0.33485669827821773
35,2025,209939,25227,-0.03597222070652428,0.042332575854677756
35,2026,195145,24858,-0.10904636105568066,-0.03597222070652428
36,1955,69259,,0.21861168975613054,
36,1956,54593,,-0.019335741361985015,0.21861168975613054
36,1957,82296,,0.39108109306306993,-0.019335741361985015
36,1958,31778,,-0.5604671842994833,0.39108109306306993
36,1959,45630,,-0.1986760158263472,-0.5604671842994833
36,1960,16413,4421,-1.2211677070158604,-0.1986760158263472
36,1961,33134,,-0.5186814652493137,-1.2211677070158604
36,1962,25166,,-0.7937475335958819,-0.5186814652493137
36,1963,47754,,-0.15317857771389143,-0.7937475335958819
36,1964,77402,,0.32977120928946313,-0.15317857771389143
36,1965,141807,,0.9352255674171861,0.32977120928946313
36,1966,115818,,0.7327785827081339,0.9352255674171861
36,1967,128954,,0.8402143408556988,0.7327785827081339
36,1968,39765,,-0.33625428235655974,0.8402143408556988
36,1969,59610,,0.06858193446617733,-0.33625428235655974
36,1970,79444,21726,0.35581096017088676,0.06858193446617733
36,1971,69920,21271,0.22811032058162084,0.35581096017088676
36,1972,103819,27956,0.6234075875315543,0.22811032058162084
36,1973,82621,20199,0.3950224747365869,0.6234075875315543
36,1974,141671,69301,0.9342660572581316,0.3950224747365869
36,1975,59721,18989,0.07044230657424677,0.9342660572581316
36,1976,75452,33883,0.3042552817178201,0.07044230657424677
36,1977,35568,10698,-0.44779505354381755,0.3042552817178201
36,1978,129904,32545,0.8475543053544321,-0.44779505354381755
36,1979,67575,27724,0.1939966813968521,0.8475543053544321
36,1980,32444,10862,-0.5397258845575603,0.1939966813968521
36,1981,30420,6843,-0.6041411239345127,-0.5397258845575603
36,1982,27028,6325,-0.722368045075731,-0.6041411239345127
36,1983,89234,5083,0.472020722114312,-0.722368045075731
36,1984,69312,12668,0.21937664061286632,0.472020722114312
36,1985,45424,13794,-0.2032008110350425,0.21937664061286632
36,1986,94302,26649,0.5272609875565895,-0.2032008110350425
36,1987,42082,6766,-0.2796213149485389,0.5272609875565895
36,1988,108225,27783,0.6649709825623855,-0.2796213149485389
36,1989,36639,4993,-0.4181281639085981,0.6649709825623855
36,1990,80723,21535,0.371782130099481,-0.4181281639085981
36,1991,28783,10178,-0.6594564756840509,0.371782130099481
36,1992,61938,12384,0.10689247394584989,-0.6594564756840509
36,1993,48325,9211,-0.1412923856712638,0.10689247394584989
36,1994,45760,8200,-0.19583106369411674,-0.1412923856712638
36,1995,79658,16929,0.35850105996917137,-0.19583106369411674
36,1996,76862,11279,0.3227701953699871,0.35850105996917137
36,1997,99934,29733,0.5852685573265539,0.3227701953699871
36,1998,43021,7128,-0.2575530421939103,0.5852685573265539
36,1999,36786,11939,-0.414124072757053,-0.2575530421939103
36,2000,45551,7570,-0.2004088334038574,-0.414124072757053
36,2001,31052,10727,-0.583578192222225,-0.2004088334038574
36,2003,43959,6122,-0.23598402944166175,
36,2004,47008,7006,-0.1689236107741916,-0.23598402944166175
36,2005,56798,22593,0.020259703073909563,-0.1689236107741916
36,2006,77005,11781,0.32462894404477005,0.020259703073909563
36,2007,134038,20810,0.8788819310730052,0.32462894404477005
36,2008,71815,12444,0.25485195711812736,0.8788819310730052
36,2009,29546,5053,-0.633293039866242,0.25485195711812736
36,2010,19728,4656,-1.03720246434367,-0.633293039866242
36,2011,55937,9317,0.004984646681981175,-1.03720246434367
36,2012,22828,5724,-0.8912535580911971,0.004984646681981175
36,2013,35970,9414,-0.4365561530581257,-0.8912535580911971
36,2014,39537,5378,-0.3420044684357961,-0.4365561530581257
36,2015,38671,8166,-0.3641514456411432,-0.3420044684357961
36,2016,73023,10257,0.27153304925222876,-0.3641514456411432
36,2017,85082,10985,0.42437408657734466,0.27153304925222876
36,2018,59503,14870,0.06678532068293919,0.42437408657734466
36,2019,64861,10056,0.15300510781766263,0.06678532068293919
36,2022,65761,,0.16678554667929468,
36,2024,49204,7499,-0.12326648975911958,
36,2025,54091,6110,-0.02857359734754361,-0.12326648975911958
36,2026,59449,4809,0.06587739137179582,-0.02857359734754361
37,1955,729650,74606,1.1183468412681936,
37,1956,481836,65019,0.7033856813445709,1.1183468412681936
37,1957,324959,59829,0.30948089467995565,0.7033856813445709
37,1958,192648,52947,-0.21335343634817683,0.30948089467995565
37,1959,406415,74338,0.5331566791863924,-0.21335343634817683
37,1960,187237,35556,-0.24184293175952476,0.5331566791863924
37,1961,289760,104497,0.19483486828954177,-0.24184293175952476
37,1962,313547,80683,0.27373114324567815,0.19483486828954177
37,1963,247712,26447,0.038048655176741164,0.27373114324567815
37,1964,289576,20280,0.19419965830367225,0.038048655176741164
37,1965,443785,38138,0.6211220850731696,0.19419965830367225
37,1966,433194,39882,0.5969675387698441,0.6211220850731696
37,1967,503289,96840,0.7469464319458758,0.5969675387698441
37,1968,153852,23972,-0.4382270244869986,0.7469464319458758
37,1969,153143,26486,-0.4428460004347414,-0.4382270244869986
37,1970,368228,52077,0.43448418568947034,-0.4428460004347414
37,1971,239925,33955,0.006108248658129867,0.43448418568947034
37,1972,431494,40180,0.5930354795986261,0.006108248658129867
37,1973,137602,16471,-0.5498526655682276,0.5930354795986261
37,1974,559526,44555,0.852871870889274,-0.5498526655682276
37,1975,264223,44663,0.10257531771473971,0.852871870889274
37,1976,444044,60269,0.6217055307757704,0.10257531771473971
37,1977,208171,23262,-0.13585826851137917,0.6217055307757704
37,1978,312549,34639,0.2705431310390587,-0.13585826851137917
37,1979,268512,34042,0.11867747984209664,0.2705431310390587
37,1980,103244,11418,-0.837123007073096,0.11867747984209664
37,1981,107755,11277,-0.7943579942260257,-0.837123007073096
37,1982,131121,14333,-0.5980975648374844,-0.7943579942260257
37,1983,271728,34842,0.13058344011685286,-0.5980975648374844
37,1984,159056,37336,-0.40496178437577157,0.13058344011685286
37,1985,234600,21129,-0.016336189626187547,-0.40496178437577157
37,1986,383751,45026,0.4757757789156418,-0.016336189626187547
37,1987,165172,24756,-0.3672307706494191,0.4757757789156418
37,1988,318522,51503,0.28947342056453174,-0.3672307706494191
37,1989,99091,13322,-0.8781795059899711,0.28947342056453174
37,1990,348462,40936,0.37931105967241585,-0.8781795059899711
37,1991,147119,17481,-0.4829763427449727,0.37931105967241585
37,1992,261941,17531,0.09390116171657681,-0.4829763427449727
37,1993,216768,40761,-0.09539046865025469,0.09390116171657681
37,1994,157912,15632,-0.41218021000487504,-0.09539046865025469
37,1995,332102,35893,0.3312240248014504,-0.41218021000487504
37,1996,371207,33792,0.44254173264729957,0.3312240248014504
37,1997,467509,41880,0.6732004740347737,0.44254173264729957
37,1998,194941,10898,-0.20152117716613205,0.6732004740347737
37,1999,185633,15919,-0.25044651957417763,-0.20152117716613205
37,2000,184022,19953,-0.2591628101665364,-0.25044651957417763
37,2001,324705,47485,0.3086989519743675,-0.2591628101665364
37,2002,77842,44635,-1.1195369945671612,0.3086989519743675
37,2003,143102,12844,-0.5106604631404323,-1.1195369945671612
37,2004,219877,27651,-0.08114982675189175,-0.5106604631404323
37,2005,312438,30210,0.2701879236470113,-0.08114982675189175
37,2006,262458,56503,0.09587294338475161,0.2701879236470113
37,2007,363365,63869,0.4211897128749609,0.09587294338475161
37,2008,265560,36678,0.10762267800539682,0.4211897128749609
37,2009,323996,17853,0.3065130441915471,0.10762267800539682
37,2010,105458,7066,-0.8159053564593837,0.3065130441915471
37,2011,192078,27578,-0.21631658631496897,-0.8159053564593837
37,2012,119516,15837,-0.6907678722232351,-0.21631658631496897
37,2013,196320,17733,-0.19447214488296005,-0.6907678722232351
37,2014,243717,27192,0.02178959025168581,-0.19447214488296005
37,2015,167806,11471,-0.35140957559831953,0.02178959025168581
37,2016,251910,31565,0.05485375501801926,-0.35140957559831953
37,2017,250042,49837,0.04741077790626491,0.05485375501801926
37,2018,189153,33772,-0.23166191446406792,0.04741077790626491
37,2019,187984,26899,-0.23786127302034465,-0.23166191446406792
37,2022,247290,21693,0.03634361114768403,
37,2023,166486,12538,-0.3593069040444128,0.03634361114768403
37,2024,188837,25902,-0.23333391675839898,-0.3593069040444128
37,2025,146848,38182,-0.484820087633139,-0.23333391675839898
37,2026,331839,39902,0.3304317856905783,-0.484820087633139
38,1955,93203,19968,0.7417766964132095,
38,1956,83987,15882,0.637658811360204,0.7417766964132095
38,1957,34139,785,-0.2625627878182595,0.637658811360204
38,1958,39585,1227,-0.11455295497809104,-0.2625627878182595
38,1959,42098,2767,-0.05300297997983883,-0.11455295497809104
38,1960,37072,4416,-0.18014124591146796,-0.05300297997983883
38,1961,36339,9672,-0.2001116688987139,-0.18014124591146796
38,1962,31865,5946,-0.3314949848352313,-0.2001116688987139
38,1963,53192,6619,0.18090479549866423,-0.3314949848352313
38,1964,38578,6964,-0.140321047799441,0.18090479549866423
38,1965,72625,10187,0.49230600157058646,-0.140321047799441
38,1966,62849,7139,0.34773181040922196,0.49230600157058646
38,1967,70061,12504,0.4563630775458609,0.34773181040922196
38,1968,27446,5992,-0.48078277575404726,0.4563630775458609
38,1969,36814,6025,-0.18712500599095883,-0.48078277575404726
38,1970,63095,10580,0.3516383135033845,-0.18712500599095883
38,1971,60509,11414,0.3097889007021646,0.3516383135033845
38,1972,48055,6200,0.07934297467375906,0.3097889007021646
38,1973,33592,6377,-0.2787152702195961,0.07934297467375906
38,1974,67189,9182,0.4145063300526761,-0.2787152702195961
38,1975,53291,12101,0.18276424777790012,0.4145063300526761
38,1976,61715,3806,0.32952379959440314,0.18276424777790012
38,1977,39203,9246,-0.12424993912114424,0.32952379959440314
38,1978,31702,2651,-0.33662344322578797,-0.12424993912114424
38,1979,42125,7859,-0.052361824928963685,-0.33662344322578797
38,1980,31621,7361,-0.3391817567667932,-0.052361824928963685
38,1981,23103,5155,-0.6530407343762654,-0.3391817567667932
38,1982,25310,5501,-0.5618036390444558,-0.6530407343762654
38,1983,34252,6164,-0.2592582564375441,-0.5618036390444558
38,1984,36519,10150,-0.1951705405059201,-0.2592582564375441
38,1985,29034,2316,-0.42453565656225223,-0.1951705405059201
38,1986,70170,9331,0.45791765566270826,-0.42453565656225223
38,1987,37646,3116,-0.16477650669950172,0.45791765566270826
38,1988,43372,10155,-0.023189141991553086,-0.16477650669950172
38,1989,38177,8822,-0.15076997356132438,-0.023189141991553086
38,1990,35651,8091,-0.21922601664370767,-0.15076997356132438
38,1991,32391,3196,-0.3151226071683766,-0.21922601664370767
38,1992,54005,3764,0.19607342126894878,-0.3151226071683766
38,1993,55712,2051,0.22719234998428917,0.19607342126894878
38,1994,37030,9371,-0.18127481867596806,0.22719234998428917
38,1995,65241,12923,0.38508489205347196,-0.18127481867596806
38,1996,54466,4299,0.2045734401793151,0.38508489205347196
38,1997,84498,10599,0.6437246518424793,0.2045734401793151
38,1998,44343,6377,-0.0010483527034441664,0.6437246518424793
38,1999,32579,4689,-0.3093353045757521,-0.0010483527034441664
38,2000,27548,7436,-0.4770732759190377,-0.3093353045757521
38,2001,122896,19870,1.0183352556548382,-0.4770732759190377
38,2002,45849,9624,0.03235017461232026,1.0183352556548382
38,2003,59636,13249,0.2952562049646641,0.03235017461232026
38,2004,32326,7493,-0.31713135361387224,0.2952562049646641
38,2005,38400,6814,-0.14494575400780718,-0.31713135361387224
38,2006,59072,5632,0.28575382527889737,-0.14494575400780718
38,2007,39634,7528,-0.11331587785646846,0.28575382527889737
38,2008,37256,6769,-0.17519020792141227,-0.11331587785646846
38,2009,44435,3379,0.0010242335889500964,-0.17519020792141227
38,2010,67179,15706,0.41435748508931525,0.0010242335889500964
38,2011,63388,7229,0.3562713554790733,0.41435748508931525
38,2012,23823,3298,-0.622351713020306,0.3562713554790733
38,2013,44812,5791,0.009472747094987355,-0.622351713020306
38,2014,40191,3872,-0.09936012363852953,0.009472747094987355
38,2015,37532,3785,-0.16780931117368603,-0.09936012363852953
38,2016,54347,7860,0.20238620065018686,-0.16780931117368603
38,2017,50874,2500,0.13634877394843237,0.20238620065018686
38,2018,41640,8301,-0.06394196985472078,0.13634877394843237
38,2019,51069,8176,0.1401744458990546,-0.06394196985472078
38,2022,45758,4082,0.03036342622120003,
38,2023,28495,2705,-0.44327458031452593,0.03036342622120003
38,2024,35220,6186,-0.2313891105334296,-0.44327458031452593
38,2025,37890,9677,-0.15831598857097973,-0.2313891105334296
38,2026,44076,6377,-0.0070877969759575166,-0.15831598857097973
39,1955,317966,31314,0.9070578116301373,
39,1956,188970,18677,0.3867016251070652,0.9070578116301373
39,1957,96530,15628,-0.28503280633435857,0.3867016251070652
39,1958,166418,28532,0.259616048418863,-0.28503280633435857
39,1959,70074,4047,-0.6053348206704001,0.259616048418863
39,1960,164249,19014,0.24649692187124295,-0.6053348206704001
39,1961,117745,19247,-0.08636537804493827,0.24649692187124295
39,1962,74842,12192,-0.5395074224688869,-0.08636537804493827
39,1963,162511,17312,0.23585904459158158,-0.5395074224688869
39,1964,253221,28589,0.6793759780245665,0.23585904459158158
39,1965,245962,25955,0.6502904052608063,0.6793759780245665
39,1966,242044,24247,0.6342328806166986,0.6502904052608063
39,1967,182714,24719,0.3530354416057673,0.6342328806166986
39,1968,46307,5785,-1.0195935096254658,0.3530354416057673
39,1969,126267,21649,-0.016487934639030755,-1.0195935096254658
39,1970,262215,30513,0.7142781307363748,-0.016487934639030755
39,1971,200724,15677,0.44704418292298875,0.7142781307363748
39,1972,180364,19915,0.3400903839785645,0.44704418292298875
39,1973,97662,5559,-0.27337410955746577,0.3400903839785645
39,1974,324561,41790,0.9275868527929667,-0.27337410955746577
39,1975,296181,27480,0.836084106733983,0.9275868527929667
39,1976,376404,41353,1.0757763874524375,0.836084106733983
39,1977,66971,12349,-0.6506269573252759,1.0757763874524375
39,1978,114911,10887,-0.1107287315004104,-0.6506269573252759
39,1979,202495,38300,0.4558285476888493,-0.1107287315004104
39,1980,58521,8432,-0.7855009830139768,0.4558285476888493
39,1981,47454,7086,-0.9951258264295468,-0.7855009830139768
39,1982,88215,7918,-0.3751096306148547,-0.9951258264295468
39,1983,163286,21341,0.24061661732436157,-0.3751096306148547
39,1984,86326,18981,-0.39675581985618,0.24061661732436157
39,1985,83659,10385,-0.4281376343959469,-0.39675581985618
39,1986,197072,33138,0.428682497004246,-0.4281376343959469
39,1987,119356,12114,-0.07277602336531785,0.428682497004246
39,1988,48774,6795,-0.9676892632023932,-0.07277602336531785
39,1989,63452,10449,-0.7046029326486742,-0.9676892632023932
39,1990,52375,4723,-0.8964572689525809,-0.7046029326486742
39,1991,70804,11491,-0.5949711509159723,-0.8964572689525809
39,1992,150259,19664,0.15747382459288062,-0.5949711509159723
39,1993,63417,13427,-0.7051546828932249,0.15747382459288062
39,1994,89396,17728,-0.36181070874570587,-0.7051546828932249
39,1995,239535,18596,0.6238128967660579,-0.36181070874570587
39,1996,177222,18744,0.3225165367685605,0.6238128967660579
39,1997,157356,18960,0.20362410714240475,0.3225165367685605
39,1998,124092,14451,-0.033863421204044286,0.20362410714240475
39,1999,204599,28188,0.46616531872516553,-0.033863421204044286
39,2000,91285,12418,-0.3409001666294085,0.46616531872516553
39,2001,144001,19042,0.11493359680144977,-0.3409001666294085
39,2002,51972,10471,-0.9041815351743931,0.11493359680144977
39,2003,140292,12458,0.08883931761779884,-0.9041815351743931
39,2004,126838,16798,-0.011975965545612866,0.08883931761779884
39,2005,139300,24492,0.08174323359087765,-0.011975965545612866
39,2006,185933,21827,0.37049974657152873,0.08174323359087765
39,2007,110972,16270,-0.14560872995575203,0.37049974657152873
39,2008,69089,11453,-0.619491118673583,-0.14560872995575203
39,2009,126378,13230,-0.015609231263606915,-0.619491118673583
39,2010,91406,10018,-0.33957552537512825,-0.015609231263606915
39,2011,194771,21672,0.41693786229466845,-0.33957552537512825
39,2012,120849,26039,-0.06034481480035403,0.41693786229466845
39,2013,157479,12081,0.2044054688477921,-0.06034481480035403
39,2014,211973,37198,0.5015722608757827,0.2044054688477921
39,2015,166009,31762,0.25715535655944954,0.5015722608757827
39,2016,125476,20764,-0.02277214197056132,0.25715535655944954
39,2017,176096,32374,0.31614265368246564,-0.02277214197056132
39,2018,105272,15215,-0.19833917034704385,0.31614265368246564
39,2019,94088,12480,-0.3106561326461481,-0.19833917034704385
39,2022,179836,16052,0.3371586772702049,
39,2023,150314,16262,0.15783979226538492,0.3371586772702049
39,2024,140085,18858,0.08736273403490813,0.15783979226538492
39,2025,90616,9289,-0.3482558492964696,0.08736273403490813
39,2026,94705,15810,-0.3041198500861775,-0.3482558492964696
40,1955,352385,18628,0.925049742926868,
40,1956,246782,21210,0.5688307708595328,0.925049742926868
40,1957,183100,17992,0.270357866717978,0.5688307708595328
40,1958,213391,27746,0.4234515786952784,0.270357866717978
40,1959,111710,15623,-0.2237683573797309,0.4234515786952784
40,1960,178594,19889,0.24544048829073972,-0.2237683573797309
40,1961,109629,20345,-0.24257264690844593,0.24544048829073972
40,1962,88175,9929,-0.46035110884037067,-0.24257264690844593
40,1963,168754,20621,0.18876744821292668,-0.46035110884037067
40,1964,250304,23024,0.5830015941705611,0.18876744821292668
40,1965,218425,33660,0.4467681212216714,0.5830015941705611
40,1966,212375,19559,0.4186789950296088,0.4467681212216714
40,1967,234940,18442,0.5196555774332534,0.4186789950296088
40,1968,67895,10067,-0.7217121908117292,0.5196555774332534
40,1969,87263,18116,-0.4707480378442508,-0.7217121908117292
40,1970,262248,34255,0.6296160359740668,-0.4707480378442508
40,1971,183497,21856,0.272523733624654,0.6296160359740668
40,1972,249992,30270,0.5817543323877477,0.272523733624654
40,1973,82407,11263,-0.5280042001989216,0.5817543323877477
40,1974,356195,51127,0.9358037487367206,-0.5280042001989216
40,1975,264139,51038,0.6368008947748756,0.9358037487367206
40,1976,231046,16981,0.5029422399338586,0.6368008947748756
40,1977,89978,11883,-0.4401093889580796,0.5029422399338586
40,1978,191271,26078,0.3140166856377178,-0.4401093889580796
40,1979,211724,57397,0.41560895472621695,0.3140166856377178
40,1980,60873,7889,-0.8308848583088899,0.41560895472621695
40,1981,54028,6960,-0.950172154263969,-0.8308848583088899
40,1982,87362,19308,-0.469614179455057,-0.950172154263969
40,1983,153856,19758,0.09634251507014646,-0.469614179455057
40,1984,58192,11939,-0.8759266967178547,0.09634251507014646
40,1985,103567,9942,-0.2994558386979911,-0.8759266967178547
40,1986,202212,22865,0.3696420670439178,-0.2994558386979911
40,1987,133814,11900,-0.0432238089603274,0.3696420670439178
40,1988,113578,15378,-0.20718475940216763,-0.0432238089603274
40,1989,46800,4800,-1.0937913820388854,-0.20718475940216763
40,1990,145170,10093,0.038230884510848995,-1.0937913820388854
40,1991,114002,7884,-0.20345859286223522,0.038230884510848995
40,1992,136624,13000,-0.022441957797237677,-0.20345859286223522
40,1993,99187,7072,-0.34266762764634784,-0.022441957797237677
40,1994,65555,5250,-0.7567851000111219,-0.34266762764634784
40,1995,172902,25997,0.2130503750398436,-0.7567851000111219
40,1996,150071,15427,0.07143393048021629,0.2130503750398436
40,1997,159200,13946,0.13048668844779598,0.07143393048021629
40,1998,85709,14248,-0.48871674736978754,0.13048668844779598
40,1999,151081,30222,0.07814153186965989,-0.48871674736978754
40,2000,117250,14359,-0.17536617763609819,0.07814153186965989
40,2001,163108,18027,0.15473797312436943,-0.17536617763609819
40,2002,87153,19644,-0.47200939018101096,0.15473797312436943
40,2003,103928,15989,-0.2959762332690552,-0.47200939018101096
40,2004,114520,13246,-0.19892510473257374,-0.2959762332690552
40,2005,208307,22028,0.399338368116652,-0.19892510473257374
40,2006,150295,21450,0.07292544444335469,0.399338368116652
40,2007,166557,19224,0.1756630082145847,0.07292544444335469
40,2008,153971,11025,0.09708968802995877,0.1756630082145847
40,2009,146565,17560,0.047794431101928936,0.09708968802995877
40,2010,98506,13567,-0.3495571249340248,0.047794431101928936
40,2011,150002,19272,0.07097404237821436,-0.3495571249340248
40,2012,114005,10699,-0.20343227788067608,0.07097404237821436
40,2013,143562,23718,0.027092412677108157,-0.20343227788067608
40,2014,132451,15748,-0.05346181925403393,0.027092412677108157
40,2015,146896,19585,0.050050268438857515,-0.05346181925403393
40,2016,144417,16439,0.03303036309863572,0.050050268438857515
40,2017,150748,18721,0.07593498355845796,0.03303036309863572
40,2018,149934,25972,0.07052061230536388,0.07593498355845796
40,2019,137703,15495,-0.01457539297282473,0.07052061230536388
40,2022,188115,20260,0.29737889298163545,
40,2023,143598,26340,0.027343143978045603,0.29737889298163545
40,2024,136997,13402,-0.019715557184341037,0.027343143978045603
40,2025,135398,10292,-0.031455995642149404,-0.019715557184341037
40,2026,141100,13181,0.00979427389628107,-0.031455995642149404
