species,stratum,bpop_ref,ponds_ref,e_lo,e_med,e_hi,es_lo,es_med,es_hi,per_pond_lo,per_pond_med,per_pond_hi
MALL,26,554834.4,493429.7,-0.06169114765457809,0.10837604817404811,0.2748805204671648,0.03058584299342227,0.20770222076019823,0.3767658571973115,0.03439208836790661,0.23354965668696498,0.42365236287672997
MALL,27,152315,131693.4,0.205349319372705,0.37603514039084956,0.5455234001822746,0.3017990452129741,0.4750325562291285,0.6414646662782841,0.3490571400815391,0.5494169320713089,0.7419103056354901
MALL,28,138133.1,107790.3,0.05215599370353076,0.2198225316721668,0.36127339468437975,0.1517601070731657,0.32021652648815757,0.46793250297581757,0.19448033864223685,0.41035697530335585,0.5996547669577774
MALL,29,145514.9,107268.2,0.09332771654997721,0.2818432945658008,0.4650875208174022,0.19814080671405693,0.38163221385011736,0.5605164422256858,0.26878832379880824,0.5177039741058249,0.7603697464749706
MALL,30,360315,293461,-0.023014843806018023,0.14168221043357448,0.2969087064436859,0.07031777395684352,0.2501922652041833,0.3986447306542998,0.08633702169371765,0.30718911895292833,0.489460869163889
MALL,31,350236.4,354566.7,-0.07455427849939443,0.07135775156327587,0.2233763757621778,0.02407349233029693,0.1738685763653351,0.31949561021997186,0.02377948433733571,0.17174513077319456,0.3155936311538736
MALL,32,560623.3,474906.1,0.08674941337314368,0.24667799938338691,0.40847010309764714,0.19804126466833671,0.34820930448036824,0.5214628920215253,0.2337863155148699,0.4110586268916926,0.6155832644656516
MALL,33,124639.2,95571.4,0.15075926958224856,0.32298128871273435,0.4977799060225496,0.2523659549432816,0.42395797636586785,0.5969446931335292,0.3291224229358015,0.5529037244181909,0.7785039143133674
MALL,34,300344,486707.5,0.022915620177010536,0.18373017207193393,0.3342518104552489,0.12012511580580404,0.2839659465840994,0.43715319661589885,0.07412841959817427,0.17523351964137546,0.269764365012673
MALL,35,169195.1,238397.7,0.06403670935479405,0.21002989121491505,0.36811422591200393,0.1579733329161502,0.3079984229134532,0.471053271758488,0.11211649214770664,0.21859197452275758,0.3343149091644112
MALL,36,17414.222222222223,61071.666666666664,0.0018137616467448821,0.21041618505307813,0.40465204801024046,0.09590954986299904,0.3067963157941337,0.5202601436054284,0.027348037243908552,0.08748114325024878,0.14834908311181144
MALL,37,132567.5,212819.5,-0.10084640102478651,0.11527684406597985,0.2673084917770816,0.0031855516687227282,0.2170385844580985,0.36653095862258833,0.0019843135654552344,0.1351956119864438,0.22831598071229364
MALL,38,42123.3,42690.1,0.08305599792710106,0.2628422291542128,0.4557890391336189,0.16941948735477155,0.368776703325732,0.5489475166855283,0.16717009076322728,0.36388042443566093,0.5416590949564306
MALL,39,109461.6,132249.7,0.0875156691086103,0.2647948382389031,0.4385636421897159,0.1835971835024321,0.3640998609729683,0.5402683478991319,0.15196133875290316,0.3013613894162229,0.44717407896120454
MALL,40,100205.7,147490.6,0.05163955649211234,0.21857691449396033,0.41379198051002886,0.14720352525339767,0.31760166548812097,0.5102507009171684,0.10001066027587108,0.21577983418199534,0.3466663547432548
NOPI,26,63468,493429.7,0.9129051930642391,1.2369580780418041,1.568249447058853,0.942335624685763,1.2792549189308124,1.6116736939773393,0.12120907482374085,0.16454573203579112,0.2073035044492737
NOPI,27,29725.8,131693.4,1.2099792745499363,1.5382498284425923,1.8488225912817269,1.2282662808732852,1.5893090427933578,1.902123014643462,0.27724394549751996,0.358738423825847,0.42934671220189186
NOPI,28,35238,107790.3,0.9679217504268973,1.287426295407709,1.6068689163868006,0.9954091499098192,1.3238979367545929,1.6461883278447682,0.3254117265145584,0.43279882786631396,0.5381595959617325
NOPI,29,41366.2,107268.2,1.0950848046432187,1.4305960996044291,1.7612786471679152,1.120312568467311,1.4632757643680052,1.7988089981718285,0.4320299377609812,0.5642879989036804,0.6936808185480458
NOPI,30,34966.9,293461,0.8629255158187359,1.1745411919124213,1.4875002558101431,0.9076363211964246,1.21386764916631,1.5358596706266414,0.10814802811836416,0.14463655716307602,0.1830030277169188
NOPI,31,27804.6,354566.7,0.7789174983105966,1.099886633359433,1.4440398263922476,0.8091188531031491,1.1283992550261615,1.4935223311611778,0.06344991242266072,0.08848741273870447,0.11711982825517478
NOPI,32,154301.1,474906.1,1.0254739765498373,1.3155112916604397,1.644035194136328,1.054895447014995,1.3582976652126308,1.6980812522246367,0.34274465596336934,0.441322661195004,0.5517212878664622
NOPI,33,46811.6,95571.4,1.0231417709992003,1.3028213933478991,1.6112184399002176,1.0439892021126154,1.343727169431611,1.6552428325360347,0.5113538666757513,0.6581678071532363,0.8107505527756613
NOPI,34,30322,486707.5,0.7676068916013039,1.0739230705548057,1.4254252008578157,0.7973398527516127,1.1172574656434162,1.469141465130356,0.049674473919416484,0.06960542188735466,0.09152788380224805
NOPI,35,25572.1,238397.7,0.9528896509365323,1.2372403707317399,1.554075563401991,0.9948990097531363,1.277572575616877,1.6101236568042392,0.10671938935362284,0.13704080895466833,0.17271241779666363
NOPI,36,192.77777777777777,61071.666666666664,0.8587017696818409,1.298557393600462,1.7401052178964003,0.8906986964916193,1.330361122493926,1.798935113161511,0.002811564261319505,0.004199395150555289,0.005678487790001222
NOPI,37,3049.9,212819.5,0.8261462101734491,1.1913114126074997,1.5588661412281621,0.8330178458295352,1.2268804078647544,1.6060129931928584,0.011937915125237583,0.017582329419751075,0.0230156495431053
NOPI,38,433.5,42690.1,0.928882937368964,1.2929602790025772,1.7188371272100915,0.9360824852802478,1.3321935264661886,1.7483671066813196,0.009505523701490215,0.01352786462723425,0.017753932193795563
NOPI,39,9165.2,132249.7,0.8336557330007991,1.2210153399808314,1.5851985667342605,0.8605668309969312,1.2653709500356758,1.6451385751220782,0.0596392061339502,0.08769303696921034,0.11401178277689002
NOPI,40,5288,147490.6,0.7897570769841621,1.1656617786738863,1.5060531521411054,0.8150360623686127,1.2030113865763932,1.554932616308689,0.029221595802072974,0.04313172644369179,0.055749204864854754
BWTE,26,509822.6,493429.7,0.2847534989653326,0.5576669794766151,0.8542798773329165,0.4521125437008332,0.7314398853176269,1.0176352614406388,0.46713279018707715,0.7557400457984884,1.0514435082431115
BWTE,27,151553.2,131693.4,0.42335523030699374,0.701687719545242,1.0202582502849342,0.5996807806040862,0.8879593738214862,1.1891520270835216,0.6901146244158569,1.021866582324114,1.3684800832159727
BWTE,28,85357,107790.3,0.3433945623586273,0.638312470405379,0.9436606338766577,0.5093090982343418,0.8118494536428886,1.1325548231579934,0.4033117701498995,0.6428874751679516,0.8968476944613462
BWTE,29,61372.4,107268.2,0.3000680967715751,0.6036718402746923,0.9163294685219743,0.47941081003806796,0.7766123832003794,1.0889931985962482,0.274289975947954,0.44433080658319024,0.6230562849150856
BWTE,30,220905.1,293461,0.4817369775248786,0.7473924985186176,1.0341641314918664,0.6588000579052418,0.9295017283447717,1.2048671899497219,0.49591697933137013,0.699689813127382,0.9069733527881466
BWTE,31,235454.5,354566.7,0.3580436301363362,0.6380849628721601,0.9441541084318428,0.5410677026672588,0.8246869210837807,1.1224408294543622,0.3593028487945091,0.5476437766443409,0.745371024066169
BWTE,32,657185.3,474906.1,0.5985088944903442,0.85509685071318,1.1304495791778724,0.764392592683715,1.034016102555455,1.3174523067534194,1.05778294980971,1.4308937757648037,1.8231189059256936
BWTE,33,96900.6,95571.4,0.4954132079175634,0.7606997690332131,1.0715881956478035,0.660386536889519,0.9474557084731803,1.2312634725391258,0.6695711442598573,0.9606328527621889,1.2483877943309907
BWTE,34,289872.2,486707.5,0.28872113595059207,0.581313255345741,0.8494891129797604,0.45279357248709773,0.7621334276258318,1.0390806371250685,0.2696738164147758,0.4539097781715726,0.6188533981104571
BWTE,35,209803.6,238397.7,0.3744410624079657,0.6199491791935429,0.8834863035626186,0.5421004812752264,0.7946229054568221,1.0577928572535114,0.4770794035901985,0.6993135680725985,0.9309181653433434
BWTE,36,7113.888888888889,61071.666666666664,0.34765334833285155,0.6462666274146527,0.9988198536283989,0.5198519609504547,0.8297605643598442,1.1716137418419297,0.06055457941007899,0.096654058770914,0.1364745787215922
BWTE,37,51762.7,212819.5,0.2576712445298125,0.5523138895342283,0.9525833246047656,0.43128070889026493,0.7212031829613248,1.110341258519143,0.10489759608529349,0.17541354997390823,0.270061068005276
BWTE,38,14288.7,42690.1,0.3757139501161246,0.6992028793664229,1.0248241129295457,0.5335448649677978,0.8823061323554655,1.1951767005699536,0.17858150981293963,0.295314549119996,0.4000346994135384
BWTE,39,120455.1,132249.7,0.49509369902899913,0.7621796976638597,1.0641250829979616,0.6704697700640218,0.9496866820633921,1.2331910205493646,0.610674377333474,0.8649895179846465,1.1232097138925514
BWTE,40,91854.9,147490.6,0.2646601767776583,0.5510786485733619,0.8501950030178302,0.46312699434862986,0.7275547131770344,1.0311367861496332,0.2884284405460006,0.4531099976771751,0.6421762904083104
GADW,26,286503.5,493429.7,-0.17850728213977307,0.03218841395669811,0.24890204621943207,-0.06904492862090841,0.1445878965079844,0.38022688185088643,-0.0400900345219196,0.08395307053299651,0.22077376462009773
GADW,27,89389.8,131693.4,0.26552837393656126,0.49090006462086444,0.706783388233178,0.37841357521883706,0.5979257499059711,0.8121791142722083,0.25685656081547603,0.40585529114553026,0.5512844879771489
GADW,28,71556.7,107790.3,0.11845993065403662,0.35436025545468197,0.5741555754055929,0.2265486501833917,0.4632351881731529,0.67872075277072,0.1503945512404911,0.307519149585351,0.4505694602370397
GADW,29,71647.3,107268.2,0.2957624122170233,0.5793145377926059,0.8601880339736923,0.3935042063014538,0.6861985164484798,0.9765124206576619,0.2628319848766191,0.4583303436390204,0.6522387656042117
GADW,30,192104.6,293461,0.08675203669603763,0.28481348564452036,0.5261989298164931,0.19205251869010542,0.40268329882954734,0.6372677360461929,0.1257208701733969,0.26360338868991334,0.41716638165227904
GADW,31,128726.5,354566.7,0.0037271958109983292,0.26612867096184434,0.4618447443931785,0.09740641093545452,0.3767812830452181,0.5839791737568578,0.03536368857335668,0.13679157075924012,0.2120153841593476
GADW,32,438223.1,474906.1,0.313440772009779,0.49818613792051086,0.6738328951691985,0.4302935472944549,0.6033938343653165,0.7847246153593992,0.3970565385565118,0.5567861028031764,0.7241104159098051
GADW,33,64316.7,95571.4,0.2826895630632591,0.4972256529578112,0.733436088123723,0.39418638311336873,0.6045511501249421,0.8529363152393187,0.26527567187241796,0.40684488201743263,0.574000685417946
GADW,34,173569.6,486707.5,0.00641409867553911,0.23114057390122178,0.44473243742793445,0.1089511422837911,0.3369514114748606,0.5519142182392991,0.038854149947844877,0.12016359252554555,0.19682361602011036
GADW,35,99529.1,238397.7,0.24521228714283447,0.46359300551354465,0.6880109876106417,0.3539541040068762,0.5808570084573061,0.7892857651715482,0.1477729584350469,0.24250307482181277,0.3295203848457243
GADW,36,1936.4444444444443,61071.666666666664,-0.1372383974268722,0.2758996351050856,0.6211052999222525,-0.026352278464467978,0.3795885767757169,0.7309459500120731,-8.355711578905438e-4,0.01203589537983097,0.023176643136588904
GADW,37,22792,212819.5,-0.0902398043910363,0.2014562498066056,0.4678937507571084,0.01371763944826072,0.3126030938006703,0.5824322129981423,0.0014690967618322492,0.03347836882383841,0.06237583961363344
GADW,38,3224.5,42690.1,-0.009800774633923724,0.3799921312256258,0.745725794348074,0.09407081176171603,0.48466198842178176,0.8666104323009591,0.0071054256730636225,0.0366078454176972,0.06545745591962639
GADW,39,57276.4,132249.7,0.1065420068018529,0.3435030432497289,0.6134335855130937,0.19654953387674984,0.4598287347625202,0.7128040507023687,0.08512419855877384,0.19914853904206975,0.3087103405879117
GADW,40,39766.4,147490.6,-0.11751189930643924,0.16118062447757153,0.4389657327532367,-0.020868243914146586,0.27412596971905956,0.5384776297839549,-0.0056264937208711525,0.07390981501353991,0.14518428169009184
NSHO,26,263646.3,493429.7,0.41853103887093995,0.6035756841634627,0.8200391313378833,0.5367136681892017,0.7338982486143427,0.9578136692696753,0.28677352169419623,0.3921319649458709,0.5117730651243197
NSHO,27,120208.1,131693.4,0.9582678353875186,1.145469523842376,1.373093454775934,1.0739256390433076,1.2749442788477054,1.4911475548338962,0.9802659860758538,1.163753304008803,1.361100969268228
NSHO,28,110029.4,107790.3,0.6926249331012747,0.8919700223225782,1.078319575375546,0.8122784522921436,1.0182523458920159,1.204890303297502,0.8291517023204609,1.0394042382950133,1.2299191776777887
NSHO,29,83078,107268.2,0.8086190216696034,1.0345398635440501,1.2752169740173778,0.937217817511542,1.1642122751360522,1.384155299726736,0.7258645324823563,0.9016691563180229,1.0720125255266497
NSHO,30,198646.3,293461,0.5827112711878375,0.7900059709063616,1.0128993418971866,0.7092507452609187,0.9127543661091504,1.1394471324258522,0.48009799025534583,0.617851358907753,0.7713016615564098
NSHO,31,175724.5,354566.7,0.4785488972234045,0.6886042268638737,0.8851480781753063,0.6105626476821508,0.8267028973239257,1.021487101698559,0.3025969894595914,0.4097168551948002,0.5062525899990845
NSHO,32,465952.2,474906.1,0.7803177152565104,0.9460854090296198,1.1018419688422723,0.9050147267200296,1.0716207733552896,1.2231543842435966,0.8879515402046776,1.051416389283268,1.2000929789656296
NSHO,33,88952.7,95571.4,0.7116591628916465,0.967107058221544,1.178422624356481,0.8511867013460077,1.092529115540911,1.313397236741959,0.79223863298875,1.016867124013837,1.2224392483602464
NSHO,34,120022.3,486707.5,0.32188304131271617,0.5470099108856425,0.7229074657415822,0.4398967515267467,0.6734299023789143,0.8542916159133724,0.1084787472573746,0.16606813285657768,0.21066871706854645
NSHO,35,85346.1,238397.7,0.6763940013256179,0.8743031733670239,1.0458845599937026,0.8024084503292617,1.0020061361657164,1.180857025912561,0.28726129422660623,0.3587170341736219,0.4227454451919462
NSHO,36,1916.2222222222222,61071.666666666664,0.6326376186926821,1.031780699163705,1.478512846513397,0.7615599255703747,1.157037042519038,1.6247458108790642,0.023895173205226432,0.0363039067676106,0.050979025106059984
NSHO,37,17490.4,212819.5,0.35105384272956175,0.6170500017849301,0.9081654580555436,0.4487806137086643,0.7484608535118353,1.0330419609279777,0.03688267497109063,0.06151165523959696,0.08489972541714788
NSHO,38,3571.3,42690.1,0.45354634420982903,0.8828792405330019,1.267819251490844,0.5933132926871447,1.0178799042642237,1.3868103549179471,0.049634453003708126,0.08515216647650911,0.1160155591230394
NSHO,39,42598.4,132249.7,0.494911251025875,0.7523324475287263,0.967948206849649,0.6176463718785657,0.8841565134701209,1.0930649264783439,0.19894750012916396,0.2847919717277665,0.35208259046406215
NSHO,40,33086.5,147490.6,0.26476240502466725,0.501740850276027,0.8054069286892669,0.392614614310135,0.6338201907303278,0.9410304794598932,0.08807505994532723,0.1421845984801675,0.21110094445781463
CANV,26,57715.9,493429.7,0.1948087327447949,0.48642239784366215,0.8071697737040053,0.41072383112408095,0.7128314403271755,1.0319665005981014,0.048041890394466213,0.08337906722432645,0.12070792526649683
CANV,27,6865.5,131693.4,0.2533009781325626,0.5968937747871488,0.9636091490737402,0.4785363754640727,0.8256411882256608,1.1585592079066411,0.02494727515386945,0.043042700528373286,0.060398533577863775
CANV,28,7319,107790.3,0.17099773791124556,0.49249804242070366,0.8699808524193111,0.396784238569572,0.7251354255978898,1.0791524546278617,0.02694179199882269,0.04923695527288592,0.07327483841701266
CANV,29,3728.8,107268.2,0.2237121194423727,0.6307806420365911,1.0050830325510638,0.44007896597507373,0.8517362250556387,1.223044599470835,0.015297790475908565,0.029607600724049308,0.04251482454732017
CANV,30,51280.7,293461,0.14503313830408124,0.44194845466999033,0.7031747688543487,0.3742026470140094,0.6594759020534965,0.9408969619513732,0.06538985991573432,0.11523979639691385,0.16441658290791547
CANV,31,46362.7,354566.7,0.3179214871985725,0.6059970362820324,0.896382110651843,0.5549431301399689,0.8381445374060368,1.1179754190775593,0.07256367239151429,0.10959473561503338,0.14618507311055196
CANV,32,36279.2,474906.1,0.5577399552428497,0.8178272901474537,1.0631052711178786,0.7720213763218681,1.0401498790046413,1.3099924136124614,0.058976538553318886,0.07945950892268006,0.1000734182440049
CANV,33,5563.8,95571.4,0.2557343561426343,0.5767034000200033,0.9258024814470945,0.47312528058481934,0.7910065548236629,1.1432472389525845,0.02754353746118418,0.0460493648699077,0.06655546521327918
CANV,34,59238.4,486707.5,0.3326030828603359,0.6103350043772756,0.906051755582574,0.5506684503410428,0.8394420693815383,1.1251715522626633,0.06702324893017435,0.10217061599184586,0.13694747354736994
CANV,35,31571.4,238397.7,0.30078864018801105,0.5738770626111639,0.8393774950486044,0.5335358692863641,0.7967784874630756,1.0649219611603156,0.07065703378676688,0.10551868721506853,0.1410293690105936
CANV,36,5134.888888888889,61071.666666666664,-0.04620029309285334,0.39648315117998434,0.7884359258665425,0.18637542326863432,0.6186917279297136,1.0190415868827298,0.015670394183403227,0.05201942984024922,0.085680735558766985
CANV,37,13636.8,212819.5,0.02983849155689796,0.3389697443460111,0.6487884337033418,0.2512655895105883,0.5653505168411973,0.8693796182970599,0.016100303736443278,0.03622587182123837,0.05570709441002045
CANV,38,335.4,42690.1,0.2021001439516832,0.5789729212342951,0.9952931408585416,0.42218111266389896,0.8083964721939503,1.2127538397859663,0.0033169176269784257,0.006351265908813774,0.009528149099304361
CANV,39,16556.3,132249.7,0.26709772115691655,0.5586436521732266,0.8534854509577441,0.48208450657603924,0.7848198434798146,1.06785854289517,0.06035201377564469,0.09825135916833727,0.13368488846277385
CANV,40,32763.5,147490.6,0.18231774402296758,0.49518871154064026,0.8262764425239948,0.3886210676868233,0.7193788561222241,1.0424988135003557,0.08632812091860251,0.15980251726252714,0.23158024902006574
