species,year,lo,med,hi
MALL,1956,0.02641768054462984,0.219320563924625,0.37915656538871023
MALL,1957,0.11406410638065559,0.2819721149049469,0.4153810687658656
MALL,1958,0.20761038949937732,0.3407047114041149,0.4570677521804588
MALL,1959,0.27726408558021487,0.39286610874030514,0.5052100572576675
MALL,1960,0.3437067133321385,0.4451743181689438,0.5460953266465696
MALL,1961,0.3976975834463484,0.48824077135992006,0.5807345913528699
MALL,1962,0.4311257443870721,0.5224113829034486,0.6073083442390657
MALL,1963,0.4509338644697569,0.5412812170274488,0.6223625501435082
MALL,1964,0.45791380172613666,0.5488299219408357,0.6295168342137485
MALL,1965,0.45266587404605213,0.5394303779561667,0.6243157250780392
MALL,1966,0.43755395830326943,0.5206990084950537,0.6059918482016201
MALL,1967,0.4079753546921602,0.48579353373165224,0.5710293703388005
MALL,1968,0.3689911301378763,0.4465839578882752,0.5254925645157178
MALL,1969,0.32313886081392335,0.39468340674579605,0.47133167951291033
MALL,1970,0.27001232359394484,0.3406344893234906,0.4140928227949259
MALL,1971,0.21272703065180423,0.28705197662981197,0.35823593205489024
MALL,1972,0.15561839578364284,0.23600309180338302,0.306354366956736
MALL,1973,0.10219377136828943,0.18624471199780335,0.2597303769454439
MALL,1974,0.05911674437668349,0.14546226146100918,0.22326055884437535
MALL,1975,0.0212116762981592,0.11329373749700761,0.19434189265644508
MALL,1976,-0.0027824759762680425,0.09215303459167781,0.17350199942983846
MALL,1977,-0.009162504275665744,0.08336952324053393,0.1682213190348448
MALL,1978,-0.0019078440811419494,0.08793071090615234,0.16710840206886834
MALL,1979,0.009502540644907631,0.10185837620746871,0.18002700232597177
MALL,1980,0.03151939906335346,0.1219948469689954,0.20047877309323364
MALL,1981,0.0683906846447731,0.1529466965838714,0.23257832943029405
MALL,1982,0.10353231197566498,0.18884042279210228,0.26952790227185963
MALL,1983,0.1424892691442949,0.22640576180677024,0.3065976707271503
MALL,1984,0.17814329184278632,0.26487601348746376,0.35241281309707206
MALL,1985,0.20918670782412063,0.2990551312328499,0.3926868101247919
MALL,1986,0.23263812410045032,0.32954781946387995,0.42284940818651906
MALL,1987,0.25256140324035287,0.3526676444086341,0.4484571587151721
MALL,1988,0.27285386066448725,0.36924926326569707,0.4604612472226097
MALL,1989,0.2876727135548771,0.3753190205974901,0.46885369633642193
MALL,1990,0.2912149626605606,0.37753474566163736,0.4662692526232529
MALL,1991,0.28854605998636007,0.37173456884659517,0.45613324490424445
MALL,1992,0.27106853633611677,0.3595012420603018,0.4438477243551376
MALL,1993,0.24866841754861638,0.3411017764457447,0.4216176192584501
MALL,1994,0.2241014569569051,0.32106563909036345,0.39998334414929726
MALL,1995,0.20011198211594797,0.2961571496945129,0.37632066500950356
MALL,1996,0.17244155055026494,0.27124216578931226,0.3551094372137185
MALL,1997,0.15848267546997866,0.2500309940079821,0.3330501753401505
MALL,1998,0.14628543843569974,0.2314169838296885,0.30822680548453113
MALL,1999,0.1320343984518254,0.21631642541605117,0.29018444281215816
MALL,2000,0.1218319265580969,0.2061868009340964,0.2819187194993958
MALL,2001,0.12114091235195318,0.20129947359535516,0.2811233505271291
MALL,2002,0.12754125092750374,0.20223133034337992,0.28093639288613464
MALL,2003,0.1355076199437086,0.21066819157016176,0.284162921566127
MALL,2004,0.14767162838750544,0.2216875850958978,0.29763399420109743
MALL,2005,0.16168322584635095,0.23607903413619058,0.3111143354768465
MALL,2006,0.17684839203533148,0.2482170775774743,0.33044828964474404
MALL,2007,0.19138221556258156,0.26863810066561444,0.3507397985211824
MALL,2008,0.20722886277435412,0.2833482566727115,0.36431196190519066
MALL,2009,0.22385752517747054,0.2970159377454471,0.3805504675511598
MALL,2010,0.23455586696995795,0.3101671843464141,0.3984961670545202
MALL,2011,0.23834502309911773,0.32076733309297556,0.4191057108961398
MALL,2012,0.2371925431133609,0.3263532649728919,0.4400903128600842
MALL,2013,0.2303448920307361,0.3286576255853506,0.45145128563140746
MALL,2014,0.21358410217835294,0.3278320783320843,0.4597139545911435
MALL,2015,0.19809620566507413,0.3185354730271004,0.4620488070337214
MALL,2016,0.18388224710288056,0.30980566787375907,0.45678956067822
MALL,2017,0.17652439328663666,0.29767035973708883,0.44205773337785575
MALL,2018,0.15923625867457525,0.27862525540911565,0.4186753366345899
MALL,2019,0.14613288795023616,0.2596824429890976,0.3982689977029861
MALL,2022,0.0370601953779574,0.191579031649026,0.34675925184863626
MALL,2023,-0.02581229565967281,0.1644110461529384,0.3426651537919697
MALL,2024,-0.08535907053180455,0.14128742234187142,0.347559284410376
MALL,2025,-0.14744766281033575,0.11184383993931837,0.3579742625767391
MALL,2026,-0.2112147964529036,0.07616456893650189,0.36631484198273667
NOPI,1956,0.6418730165158995,0.7954218383247245,0.9907916010684242
NOPI,1957,0.6463418205326097,0.7935921577492869,0.9747213826752066
NOPI,1958,0.6525787278957524,0.7908316670766865,0.9553957409054376
NOPI,1959,0.6602651848855541,0.791012937927271,0.936653341276672
NOPI,1960,0.6652640142228714,0.7891141138987177,0.9271664656607087
NOPI,1961,0.6706527871254849,0.7865158325707218,0.917981497074802
NOPI,1962,0.6778147911246515,0.784767894363787,0.9039408835782682
NOPI,1963,0.6819064130159008,0.7821221555955815,0.8911515090913648
NOPI,1964,0.6855246992011392,0.7806567203730619,0.8847335325798835
NOPI,1965,0.6877720474960896,0.7795665359176704,0.8798490374304526
NOPI,1966,0.6906766867570748,0.7762323403210634,0.8749195241046868
NOPI,1967,0.6898703518213545,0.7745115258416929,0.86605322155616
NOPI,1968,0.6872811224190952,0.7727268443454147,0.8641614372772641
NOPI,1969,0.6857884062222073,0.7724480643666771,0.8561202747710921
NOPI,1970,0.6869518351910908,0.7717106310244519,0.855029863767152
NOPI,1971,0.6837048249538773,0.7714413688100292,0.8529030012661478
NOPI,1972,0.6770090840361065,0.7710229039829937,0.8520111740538286
NOPI,1973,0.6751072785358536,0.7721602834779613,0.8601505994607053
NOPI,1974,0.6675941576981202,0.7727543958069847,0.8635560911210085
NOPI,1975,0.6632523576325584,0.7726163083895127,0.8640945247778853
NOPI,1976,0.6622550354926815,0.7751593169437748,0.8712838637248451
NOPI,1977,0.664235213512816,0.7789683003308814,0.8811292333914551
NOPI,1978,0.6649734860573653,0.7812600136724361,0.8896708928986943
NOPI,1979,0.667423448146736,0.7862750628444922,0.8961240439346034
NOPI,1980,0.6716450000451715,0.7914979093836856,0.9016667599820807
NOPI,1981,0.6755343002473334,0.7962360967273215,0.9060976734884725
NOPI,1982,0.6819498139013465,0.8039459890409864,0.9094056303878439
NOPI,1983,0.6886900421498285,0.8122628519066909,0.9148021045046462
NOPI,1984,0.6962220323572096,0.8202058434928563,0.9203941628145351
NOPI,1985,0.7059361551077032,0.8296433351413066,0.9252839542108796
NOPI,1986,0.7155009111178918,0.8373879535017195,0.9319253885323471
NOPI,1987,0.7283973987128167,0.8441207121504397,0.9424376181928058
NOPI,1988,0.7389477070267857,0.8524344174867591,0.9496047856701171
NOPI,1989,0.7492187937016705,0.8631354359324891,0.9618454881546473
NOPI,1990,0.7602232539892201,0.8735624732421413,0.9714199891747508
NOPI,1991,0.7727777439951964,0.8843012588226049,0.97875953192813
NOPI,1992,0.778843574357729,0.8930767865939602,0.9889354220366473
NOPI,1993,0.7868009149621211,0.9005678143802958,1.0030218820500028
NOPI,1994,0.797015247941862,0.9127490030481067,1.0137028687990366
NOPI,1995,0.8086879572146852,0.9203217703091107,1.0220308504962232
NOPI,1996,0.8190521765357655,0.930689860512264,1.0328180648879266
NOPI,1997,0.8303299883536928,0.9409543390729891,1.0496732213803202
NOPI,1998,0.8422350966581899,0.9513960797729768,1.0614231822402616
NOPI,1999,0.8551222683526875,0.9628042903169485,1.0722039517009296
NOPI,2000,0.8654332248246699,0.9743750667777417,1.0866889037561478
NOPI,2001,0.8736776684817348,0.9838148888116047,1.101778884965929
NOPI,2002,0.8831623078811764,0.9961132618981763,1.1186053514938874
NOPI,2003,0.8940757136501758,1.0091747986772748,1.1326479921934047
NOPI,2004,0.9049206875659519,1.0222178248059555,1.1451353117709508
NOPI,2005,0.9185321554378045,1.0360364035467233,1.1594895048168048
NOPI,2006,0.9307834037834025,1.049242275874061,1.187259673708444
NOPI,2007,0.9371783273021217,1.0638842641884887,1.2157200389363179
NOPI,2008,0.9404426212660759,1.0782644628834894,1.2391315537977607
NOPI,2009,0.9554263575968193,1.092465869008991,1.2524883397110398
NOPI,2010,0.9607153035429096,1.1076429035417497,1.2657248626186743
NOPI,2011,0.9658653768143395,1.1201921789289795,1.2884275273850432
NOPI,2012,0.9703679499007221,1.1358796775326199,1.313973858716296
NOPI,2013,0.9738332869220345,1.148234761203386,1.338406009853423
NOPI,2014,0.9775740311101496,1.1622132589113177,1.3625326597446772
NOPI,2015,0.9810631365991203,1.1749217487553312,1.3857558601239224
NOPI,2016,0.9846552196507032,1.1903190644937052,1.4152419160845162
NOPI,2017,0.98501723898501,1.2073386418029926,1.4468671636729464
NOPI,2018,0.9810349022279665,1.2211372699012797,1.474409333221666
NOPI,2019,0.9805937458915305,1.2327830247036777,1.5072908611166846
NOPI,2022,0.9722379579756228,1.2732563135275738,1.6014537091298278
NOPI,2023,0.9666374958771103,1.287584771012014,1.6296062100601985
NOPI,2024,0.9599573930959431,1.3045770447783243,1.659511633179792
NOPI,2025,0.9555251130540462,1.316114718458536,1.6925572508141191
NOPI,2026,0.9510452615121251,1.3264284582173573,1.7262929652912309
BWTE,1956,-0.0031554222743257845,0.25132085214009514,0.49076355472270805
BWTE,1957,0.09243906136535121,0.296136830727948,0.49700761284742856
BWTE,1958,0.16742770788813283,0.3447687949080299,0.5118638993556762
BWTE,1959,0.2233187455761304,0.3881974219411458,0.5304822670795886
BWTE,1960,0.2796958216485228,0.4252762550548298,0.56395824299526
BWTE,1961,0.3248676671794565,0.46392011190769245,0.5985484816004005
BWTE,1962,0.35387905000314546,0.5006685852373981,0.6484725465059982
BWTE,1963,0.3821583032736818,0.5358595940344206,0.681697501750534
BWTE,1964,0.4020337453101712,0.5650469507951081,0.7107210238820847
BWTE,1965,0.4255406842166004,0.5869670198317061,0.7313850194807135
BWTE,1966,0.44118008961767613,0.608489608773105,0.7500725015812864
BWTE,1967,0.4509505917962835,0.6205253589696669,0.7573673346266003
BWTE,1968,0.45850301210380984,0.6239718894830466,0.7567634816738259
BWTE,1969,0.46264705381778026,0.6171640235721962,0.7532147187917919
BWTE,1970,0.4491926839332873,0.6025830342898387,0.7355332692394283
BWTE,1971,0.43660034124897673,0.5840892784417682,0.7201153690119019
BWTE,1972,0.4199279972595346,0.5528081709184631,0.6902840706487354
BWTE,1973,0.384652030094894,0.5196717733210025,0.6624244789560916
BWTE,1974,0.34361262789778707,0.4781380817692691,0.6259082036492042
BWTE,1975,0.2947529418471822,0.4371397031158144,0.5712703987585221
BWTE,1976,0.2569783985388164,0.39391586889028946,0.5175980352042924
BWTE,1977,0.2205155676226499,0.35027941677880087,0.47634898905976036
BWTE,1978,0.18228427751873266,0.3182676348181669,0.4335548282402365
BWTE,1979,0.15195162078265367,0.28808483045536004,0.4066915044001421
BWTE,1980,0.12903785456316014,0.2626582918706159,0.3814622681259389
BWTE,1981,0.10383123060607069,0.25070961352416676,0.3778692982687782
BWTE,1982,0.08346235038398071,0.24893352962567722,0.37856944083557864
BWTE,1983,0.0909007389992994,0.25717556012097437,0.38967423852043065
BWTE,1984,0.10734336444242266,0.2811644306707415,0.4189132065664527
BWTE,1985,0.13908570844896745,0.309718278760753,0.44361232025558095
BWTE,1986,0.1811004256282806,0.34524607945894903,0.47825128872195666
BWTE,1987,0.22388594873428624,0.3877247483211549,0.5276256884809248
BWTE,1988,0.2747401533030872,0.43555256223419025,0.5852248252312681
BWTE,1989,0.3287167436557074,0.48570804411898905,0.6496851551416116
BWTE,1990,0.36603712915506836,0.5319057401820655,0.7067239306966517
BWTE,1991,0.4080020886849688,0.5726137685346852,0.7611747797434305
BWTE,1992,0.44400766627772903,0.6184625647708786,0.8063733491991789
BWTE,1993,0.47012479183278466,0.6534501533264467,0.8443122465386956
BWTE,1994,0.49191076705048575,0.6745661625512835,0.8624218629655017
BWTE,1995,0.5107933361767402,0.6873551611628659,0.8754652765625601
BWTE,1996,0.5199166125326582,0.6903549103262369,0.8669140128979246
BWTE,1997,0.5169153289143398,0.6813932325282033,0.8542860160174416
BWTE,1998,0.5095862141529235,0.6658959604671182,0.8216361055536441
BWTE,1999,0.4860465423318535,0.6415741147627111,0.7860776515202603
BWTE,2000,0.47391225696727524,0.6150794756168143,0.7463528567842517
BWTE,2001,0.4457958272178243,0.5899506636922927,0.7205108738126822
BWTE,2002,0.4201975823685373,0.5658832318709248,0.7083582960780113
BWTE,2003,0.3942224788214874,0.5486055090081225,0.6937042344279754
BWTE,2004,0.3877844175424697,0.5351171234549854,0.6825039526739145
BWTE,2005,0.3870897755881535,0.5291501871111481,0.6957118278413645
BWTE,2006,0.38981585010439074,0.5370186119152538,0.7173452077168742
BWTE,2007,0.4076364368769567,0.5592204567871436,0.7346819624136316
BWTE,2008,0.4350016692335713,0.5804603143696321,0.7478434194951569
BWTE,2009,0.46253727341522877,0.618878058568548,0.7691302071162729
BWTE,2010,0.4852844698573565,0.6612111858449787,0.8149849126599403
BWTE,2011,0.504479422655749,0.702530062602691,0.8694769403365334
BWTE,2012,0.5483265103533819,0.7418641311484537,0.9289084021646328
BWTE,2013,0.5780713833964403,0.7806369229113181,0.9822241293542417
BWTE,2014,0.5979640203744521,0.8114101719506721,1.020720974769066
BWTE,2015,0.611553402230768,0.8391461770791138,1.0707730607283406
BWTE,2016,0.6187542630128814,0.8538651586458195,1.0957717551808728
BWTE,2017,0.6128828066148285,0.85381348751230135,1.1043312901556837
BWTE,2018,0.6031895174872104,0.8376096309354337,1.090747110830789
BWTE,2019,0.5795052866276096,0.8042548127562988,1.068123416771352
BWTE,2022,0.3719835560318213,0.6356198796183672,0.9318893489589126
BWTE,2023,0.2613105906527424,0.5638274301057395,0.9045240392607636
BWTE,2024,0.12769388902280646,0.4871926042928533,0.8998154982032409
BWTE,2025,-0.05260067185741299,0.4029658478272905,0.874198758607094
BWTE,2026,-0.20379208947534844,0.3268375853553137,0.841127214845214
GADW,1956,0.17607123029425037,0.5326681607524958,0.9373358928425028
GADW,1957,0.191601413351867,0.5049033205606426,0.855098069878995
GADW,1958,0.1983892271868028,0.47524188236914355,0.7733128768706278
GADW,1959,0.20482611480319557,0.4443676099062531,0.6931747965559809
GADW,1960,0.20539219833188965,0.41569612725671223,0.6216689119758112
GADW,1961,0.20410714790625922,0.38874576032323493,0.5706849245898771
GADW,1962,0.20008318863560146,0.35759487777924037,0.5234820194446455
GADW,1963,0.17938840410367513,0.32708485484931593,0.48581296872953017
GADW,1964,0.17084757414495216,0.29977439484525226,0.4445555132761612
GADW,1965,0.14873870915179363,0.2795880934249707,0.40413785789017354
GADW,1966,0.13056627911887123,0.26134779971793914,0.3981274335577253
GADW,1967,0.10869497919814572,0.24294988853050437,0.3880979995523838
GADW,1968,0.08046026399380232,0.22995075807180781,0.3752475007778632
GADW,1969,0.051128979072185755,0.2187434193270369,0.36396022095878533
GADW,1970,0.030616039549622002,0.2064846271059126,0.3542803182078319
GADW,1971,0.02242611562379305,0.20449111249595653,0.34346402251281405
GADW,1972,0.03138819351381317,0.20546312962072702,0.3411568685514418
GADW,1973,0.052241987340211474,0.20834616425852776,0.3340560877262133
GADW,1974,0.07379255441853658,0.21419375937942983,0.33672350239660476
GADW,1975,0.09212441011762518,0.22497635088468307,0.3411768771428179
GADW,1976,0.11458876381278832,0.2380607479657566,0.34400839969524444
GADW,1977,0.14545916383277038,0.2534802762161805,0.34720022666835926
GADW,1978,0.1719643914805003,0.2707021514759228,0.3698806180452804
GADW,1979,0.18504215271208813,0.2933314904063572,0.3942389681422299
GADW,1980,0.20112551518842486,0.307547545424404,0.4234875440714517
GADW,1981,0.2050058464762783,0.3248691076584037,0.44990694979120527
GADW,1982,0.2099320371316442,0.3406724536461243,0.4760523409905482
GADW,1983,0.2130256902051597,0.3532337556241941,0.49501833900506714
GADW,1984,0.21397400988849347,0.36603672147202015,0.5104822376436766
GADW,1985,0.21407200753893263,0.37478129818572226,0.5228076674005878
GADW,1986,0.21921166082363397,0.38051378732313446,0.5312592362809527
GADW,1987,0.2243385875698253,0.3842468438326103,0.5341087549365275
GADW,1988,0.22986594086758705,0.3861942200469743,0.5335781969223307
GADW,1989,0.2388755728413033,0.3815388401427977,0.5289854049908066
GADW,1990,0.23200927640522923,0.3743524131666368,0.5172520746974668
GADW,1991,0.23418996552832505,0.37008728608721553,0.4977995083559298
GADW,1992,0.22968882298949572,0.3659036237983253,0.4970875692257063
GADW,1993,0.22731623047577298,0.35569415482681094,0.48235170471050703
GADW,1994,0.21500997267856778,0.34311475093800753,0.4797359193947555
GADW,1995,0.2056432924949416,0.3374743685617244,0.467153095342969
GADW,1996,0.1984252746707365,0.331117773228762,0.4480589831481801
GADW,1997,0.19683709869920807,0.3235415785982066,0.4431017013937254
GADW,1998,0.1955473540083045,0.3161875735923861,0.43886405128198336
GADW,1999,0.19213446934974007,0.3096122090599881,0.4241351538136606
GADW,2000,0.19427945055812318,0.304838133521444,0.41666088745755275
GADW,2001,0.19457381720610667,0.3024719241895616,0.4084827741846551
GADW,2002,0.1885961460583487,0.30199926191514376,0.4032716319872541
GADW,2003,0.18680776443427982,0.301379454571713,0.396573185224878
GADW,2004,0.18268504858316098,0.30033082536802486,0.39778854082023246
GADW,2005,0.18403682782819708,0.2994185680725694,0.3987145238902779
GADW,2006,0.189627935367997,0.30045772270717686,0.3996981337691008
GADW,2007,0.1885110960488992,0.2979185033771613,0.40211450253362324
GADW,2008,0.18719741353261027,0.2962203362863671,0.40425579354232544
GADW,2009,0.1848866349552214,0.2975581915702137,0.4100588788272215
GADW,2010,0.18379981638739856,0.2955741830024754,0.41681107249532334
GADW,2011,0.1818936121300818,0.295465283854465,0.4215902369965505
GADW,2012,0.1816604189297948,0.29725282611828663,0.4273705381745395
GADW,2013,0.17975314342784543,0.2977679394825221,0.43500311785203694
GADW,2014,0.17722394371641975,0.29797636648153936,0.43917750641946374
GADW,2015,0.17320174753808615,0.2997383515657225,0.4382224888568271
GADW,2016,0.17171062070069687,0.30597315743954223,0.43806362076818534
GADW,2017,0.16470644007546373,0.3081378252958472,0.448193897858656
GADW,2018,0.16386080169927192,0.31651443836265203,0.4621463508726318
GADW,2019,0.16472611410330543,0.3252814898038663,0.47925153888879385
GADW,2022,0.1509245715913153,0.341765101194414,0.536391302863255
GADW,2023,0.1501712071987364,0.3525168423689552,0.5521724018525334
GADW,2024,0.1353455615459644,0.366881519217059,0.5673129885760713
GADW,2025,0.11210234132612906,0.3800795292554828,0.60361306695955
GADW,2026,0.08967813997603781,0.39270101123862644,0.636928108588157
NSHO,1956,0.48187113650633806,0.6004036734331117,0.7388682671984018
NSHO,1957,0.48838286405965375,0.6037502645883372,0.7393712378714785
NSHO,1958,0.4955848964945746,0.6078455820423958,0.7395732825257565
NSHO,1959,0.503041572871362,0.6117307314590494,0.7398261077108532
NSHO,1960,0.5097960690250547,0.614727434323984,0.7411807146697604
NSHO,1961,0.5154524845077976,0.6183268476897141,0.7425351164456586
NSHO,1962,0.5210068523526694,0.6214772503005779,0.7438904078559871
NSHO,1963,0.5261712610598793,0.6251902867477922,0.7452837493553419
NSHO,1964,0.5305053586087727,0.62862344637311,0.7466763222537505
NSHO,1965,0.5354779203293503,0.6315984898717988,0.7479102065369292
NSHO,1966,0.5406735748676578,0.6356350045961063,0.7489129063830007
NSHO,1967,0.5458691995242086,0.638423956791291,0.7499144645856276
NSHO,1968,0.5510645115381554,0.6412389034844199,0.7509145690927845
NSHO,1969,0.5562591884499737,0.6447705077224402,0.751912890818442
NSHO,1970,0.5614528844545558,0.6485885572206767,0.7529090961652087
NSHO,1971,0.5661451420292076,0.6511638346275934,0.753902860737429
NSHO,1972,0.5707845846551469,0.6548956387561398,0.7548938835384886
NSHO,1973,0.5762193984519403,0.6580544743756416,0.7558819009064872
NSHO,1974,0.5822111408947982,0.6612760685433854,0.7568666994450333
NSHO,1975,0.5873951822255288,0.6643670949260635,0.7578481272509434
NSHO,1976,0.5925534058663949,0.6678985471291461,0.7588261028255605
NSHO,1977,0.5976935578192297,0.671114493250593,0.759800621176276
NSHO,1978,0.6028623760468739,0.6746360976417151,0.7607717567625026
NSHO,1979,0.6096166265097009,0.6773018634559944,0.7617396631070383
NSHO,1980,0.6141064856428171,0.6814117855671262,0.7627045690696581
NSHO,1981,0.6175776993515478,0.684566944910509,0.7636667719545954
NSHO,1982,0.6210504054806831,0.6876462034353514,0.7646266277872972
NSHO,1983,0.6246362189567014,0.6907522251946663,0.7655845392392251
NSHO,1984,0.6279563252598019,0.6944724106282931,0.766540941794709
NSHO,1985,0.6314063295430987,0.6978333588829959,0.7674962888349002
NSHO,1986,0.6344793817152936,0.7010381933737243,0.7695878387681754
NSHO,1987,0.637513431587828,0.7051352340648505,0.7725484975800223
NSHO,1988,0.6405489909830013,0.7089105017701027,0.7774269781692549
NSHO,1989,0.6434936496483046,0.7120527554729887,0.7829548892171831
NSHO,1990,0.6466028618769872,0.7149862164910036,0.7860634925051805
NSHO,1991,0.6496226030936325,0.718900341818562,0.7903733532844872
NSHO,1992,0.6516078185273391,0.722889122842815,0.7953941600452934
NSHO,1993,0.6549827307311109,0.726257640992028,0.7992929339220043
NSHO,1994,0.6581175800441106,0.7295677837002256,0.8002161853329819
NSHO,1995,0.6606023684266882,0.7333015038540023,0.8013141040914574
NSHO,1996,0.6615826982525561,0.7365456553678182,0.804411560759801
NSHO,1997,0.6636359016991685,0.7397680625495475,0.8085382891577063
NSHO,1998,0.666791791930168,0.7430137320876292,0.8138147360988119
NSHO,1999,0.6701975044214529,0.7462336838857924,0.8193720773619435
NSHO,2000,0.670809141136189,0.7495197241511518,0.8239618378747524
NSHO,2001,0.6735569003851983,0.7533503515414757,0.8294277446345895
NSHO,2002,0.6768522796339456,0.7573086444815864,0.835383618357664
NSHO,2003,0.6800908993699079,0.7613234181641633,0.8413377830058776
NSHO,2004,0.6820240001519362,0.7645998399092051,0.8476651458703016
NSHO,2005,0.6825420338210735,0.767539714521762,0.8539322689640213
NSHO,2006,0.6824355932454869,0.7711570098397129,0.8599517527034573
NSHO,2007,0.6823295390102191,0.7748429346558403,0.8660969626723614
NSHO,2008,0.6822236921439636,0.7786777927113171,0.8709040349774965
NSHO,2009,0.6821179206449206,0.7822866999778828,0.8766063806444528
NSHO,2010,0.6820121434497205,0.7854495721979293,0.8832661793551648
NSHO,2011,0.6819063296451635,0.7892094535915828,0.8899265932348692
NSHO,2012,0.6818004932627417,0.7925230677359076,0.8965878606103557
NSHO,2013,0.6821352220228858,0.7957709710310323,0.9032501817691778
NSHO,2014,0.6827714152385898,0.7989008584114359,0.9099137127342187
NSHO,2015,0.6833656423240075,0.8022673131334359,0.9165785604387753
NSHO,2016,0.6839355274494285,0.8059613893097519,0.9232447796088175
NSHO,2017,0.6850756048644187,0.8094219416118029,0.9298696400834864
NSHO,2018,0.6865736863212848,0.8133908792960477,0.9366240555843386
NSHO,2019,0.6880705564506137,0.8170042290100541,0.9428598106219636
NSHO,2022,0.6925502827478527,0.8264904948203047,0.9614975230342809
NSHO,2023,0.6940198348230944,0.8299874227776092,0.9678747197109772
NSHO,2024,0.6954890499314912,0.8333177085521062,0.9742520446430691
NSHO,2025,0.6960795450149515,0.837344315310607,0.9806294398557217
NSHO,2026,0.696584628868538,0.8405420122693426,0.9870068623721124
CANV,1956,-1.6047948038438976e-4,0.2410701851091629,0.5118765311555402
CANV,1957,0.026000367186773295,0.24218321908830046,0.4895535539603766
CANV,1958,0.05091161954390626,0.2503014565474512,0.4632623615526681
CANV,1959,0.08032125826370765,0.25353235998865875,0.4405418027996102
CANV,1960,0.09219038178243033,0.26171127002763994,0.4360153587231809
CANV,1961,0.10458942656932155,0.2643917662202027,0.42522194120159795
CANV,1962,0.10719535118420899,0.26796888683825915,0.41980766956938553
CANV,1963,0.11238886131686718,0.2675439011778552,0.4213037047723176
CANV,1964,0.11718244854677848,0.26844161926308885,0.42473441097279263
CANV,1965,0.11482796872757794,0.2700655718023163,0.4168847734907445
CANV,1966,0.11010900311335331,0.264612888950734,0.4055610512416434
CANV,1967,0.10874737100609647,0.2578101849810579,0.40419837918111146
CANV,1968,0.10922229060670738,0.2532381939479613,0.39814415998710173
CANV,1969,0.1102775240450117,0.24836127919588907,0.38520240861437616
CANV,1970,0.10982793351549336,0.24064339039404112,0.37203348656977847
CANV,1971,0.11349713872375974,0.23187290773446984,0.3592859640231446
CANV,1972,0.11334330728582924,0.22405456257504042,0.3517494242664342
CANV,1973,0.1108245958974291,0.21661233406531855,0.3454385381624414
CANV,1974,0.10555714357438235,0.2140282071082327,0.3419697080024004
CANV,1975,0.09349495473866032,0.2067069019194654,0.3433409322896644
CANV,1976,0.08328543675314093,0.20680471649093563,0.34077407118876546
CANV,1977,0.07491376835078212,0.20664709541865695,0.33709598585556183
CANV,1978,0.07413956178598408,0.20986944637764818,0.3414716127884162
CANV,1979,0.0718238782490942,0.21520239874498223,0.34468199302468816
CANV,1980,0.0767822479720401,0.2215521312167046,0.35455919359095234
CANV,1981,0.09165137849456212,0.2290951775221854,0.36527602866236475
CANV,1982,0.10785264309063622,0.24040138763586083,0.37116343189254225
CANV,1983,0.12426735381586047,0.2514653162483751,0.3887949141026984
CANV,1984,0.14275309840835182,0.2683335234413561,0.40366984709456116
CANV,1985,0.1576197184337753,0.28852481724659934,0.42098466361800224
CANV,1986,0.1725242824024759,0.30742129896970743,0.4428397503206437
CANV,1987,0.1923958124085947,0.3293171958464674,0.4564715518830281
CANV,1988,0.22037027370253037,0.3502778076062406,0.4686899182168477
CANV,1989,0.24428221839177222,0.37117607784701867,0.4927382251444412
CANV,1990,0.2616343028656458,0.39469461924131877,0.5247654341376559
CANV,1991,0.28847626514830604,0.4159117390257297,0.5518900872428206
CANV,1992,0.30822063268547917,0.43527466941069703,0.5693606904976762
CANV,1993,0.3254610450697031,0.45516954294912626,0.5910646857286362
CANV,1994,0.34389533150970447,0.47365734196939635,0.6085459431616034
CANV,1995,0.36920611191038344,0.493725019857989,0.6253188768089823
CANV,1996,0.3883252810503617,0.5143272721557166,0.6456589441391005
CANV,1997,0.4026529055761194,0.5312963897608854,0.6656001236772375
CANV,1998,0.41988524731521526,0.5489051262404248,0.6853339620485608
CANV,1999,0.4369853195289133,0.5653587365441399,0.7032907404017307
CANV,2000,0.45352086071422315,0.5813750932543864,0.720401077226712
CANV,2001,0.4648040479695672,0.5967367420086074,0.733324406852897
CANV,2002,0.47209646790182935,0.6113239840334657,0.748101532683879
CANV,2003,0.4726464348199692,0.6204486986960989,0.7608337002243803
CANV,2004,0.47813792276147804,0.6277314968977226,0.7727358728044872
CANV,2005,0.4837424452410111,0.6343508727006733,0.7787700959432581
CANV,2006,0.4887200204516837,0.6435423192943309,0.7837766489873932
CANV,2007,0.4911319912272277,0.6462233579661947,0.788822468612776
CANV,2008,0.49547329820353475,0.646879976343847,0.7904502033775012
CANV,2009,0.50164909506147,0.6469488094303647,0.7883366290729321
CANV,2010,0.501961949877393,0.6489437996497973,0.7887450198795993
CANV,2011,0.49380888731970607,0.6428799473281344,0.7912561774003182
CANV,2012,0.48795920895603606,0.6386035575623992,0.7869454026359929
CANV,2013,0.4826365200136299,0.6330097575981994,0.787123709884928
CANV,2014,0.4637780087533988,0.6283916662226519,0.7848548496957359
CANV,2015,0.4529755088946308,0.6203195456308517,0.7846677198975596
CANV,2016,0.4397450563798268,0.6086651835074626,0.781228558751262
CANV,2017,0.41352672236624455,0.59676943215793,0.7774841835690784
CANV,2018,0.3817122994867308,0.5801906026971189,0.7844074612152516
CANV,2019,0.35316949892730065,0.5724006290840776,0.79460661437241
CANV,2022,0.26348576389472045,0.5247582396473395,0.8156933658599861
CANV,2023,0.21766094427811772,0.5050380355218211,0.8287746902650455
CANV,2024,0.173315513802164,0.49423320265143333,0.8279737897946973
CANV,2025,0.13198744147809394,0.4745133263818665,0.837644484562108
CANV,2026,0.08673383201814058,0.45941701694601894,0.8520499490179885
