species,era,from,to,n,share_mean,slope,slope_se
BWTE,early,1955,1990,36,0.5424246168721545,1.178900832402069,0.49276327593041996
BWTE,late,1991,2026,34,0.4363440020344118,0.5449211290540306,0.21763098416696733
CANV,early,1955,1990,36,0.5702785885615725,1.0044837089828744,0.25439242468775847
CANV,late,1991,2026,34,0.5348993207422041,0.8419380534746392,0.16717228537190623
GADW,early,1955,1990,36,0.6749966780403729,1.1266162674943625,0.6069628302310164
GADW,late,1991,2026,34,0.5131748006022083,0.2894498007182653,0.18340137904748813
MALL,early,1955,1990,36,0.5262722647080859,0.7819549348688407,0.21239210943856185
MALL,late,1991,2026,34,0.38139180938787637,0.3223697540306981,0.0792256816278651
NOPI,early,1955,1990,36,0.5058512668279966,1.904620157424871,0.32473065742482976
NOPI,late,1991,2026,34,0.2977312300803412,1.1203512849272792,0.29196007626439846
NSHO,early,1955,1990,36,0.5725554881914602,1.6901962077544497,0.40604295064953894
NSHO,late,1991,2026,34,0.48897393859413374,0.8060932317091416,0.1899121780783388
