species,year,prairie_total,n_strata,tsa_total,prairie_ponds,prairie_share
BWTE,1955,4089344,15,4147343,7302153,0.9860153838252588
BWTE,1956,3731207,15,3804292,4856895,0.9807888038037038
BWTE,1957,3224122,15,3305794,3325415,0.9752942863348412
BWTE,1958,3849409,15,4800917,3240695,0.8018070297820187
BWTE,1959,3238167,15,5026802,1955078,0.6441803357283616
BWTE,1960,2689760,15,4221971,3647372,0.6370863276891291
BWTE,1961,2001431,15,3585634,1977192,0.5581805058742749
BWTE,1962,1098846,15,2942604,2369089,0.37342639376552195
BWTE,1963,1333276,15,3633530,2482026,0.366936835529086
BWTE,1964,1729150,15,3940418,3370717,0.43882400293572915
BWTE,1965,1447379,15,3564195,4378814,0.4060886118744906
BWTE,1966,1655990,15,3699516,4554515,0.4476234188472222
BWTE,1967,2736224,15,4491525,4691186,0.6091970989808584
BWTE,1968,1358685,15,3462528,1985679,0.39239682682710436
BWTE,1969,1775576,15,4138589,3547611,0.4290293140971476
BWTE,1970,2666412,15,4861825,4875039,0.5484384978891671
BWTE,1971,2319948,15,4601402,4053407,0.5041828555731492
BWTE,1972,1913995,15,4278530,4009243,0.44734873893603644
BWTE,1973,1746548,15,3332531,2949486,0.5240905485950468
BWTE,1974,3208694,15,4962876,6390098,0.6465392244335744
BWTE,1975,3829314,15,5870357,5320110,0.6523136497490698
BWTE,1976,3274554,15,4728071,4598798,0.6925771630755968
BWTE,1977,2675182,15,4444503,2277918,0.6019080198618383
BWTE,1978,1574761,15,4478659,3622055,0.3516144006498374
BWTE,1979,2516477,15,4854367,4858941,0.5183944683209984
BWTE,1980,2431957,15,4872159,2140904,0.4991538658734249
BWTE,1981,2183483,15,3696457,1443017,0.5906961720371696
BWTE,1982,1393661,15,3632261,3184864,0.3836896632703432
BWTE,1983,1608982,15,3340278,3905709,0.48169104487710307
BWTE,1984,1593816,15,3952268,2473067,0.4032661752694908
BWTE,1985,1794991,15,3474585,4283087,0.5166058680389168
BWTE,1986,1564913,15,4478820,4024673,0.3494029677459688
BWTE,1987,1474640,15,3528697,2523746,0.41789929823954847
BWTE,1988,1506101,15,4011108,2110148,0.37548253500030415
BWTE,1989,1172999,15,3125254,1692745,0.37532917324479864
BWTE,1990,1665237,15,2776382,2817292,0.5997867008214287
BWTE,1991,1725441,15,3763687,2493902,0.4584443392875125
BWTE,1992,2455516,15,4333106,2783913,0.5666872677474311
BWTE,1993,1365820,15,3192943,2261138,0.42776209910418067
BWTE,1994,1539556,15,4616165,3769146,0.3335140749951529
BWTE,1995,1820979,15,5078520,3892539,0.35856489685971504
BWTE,1996,2848039,15,6407422,5002560,0.444490623530025
BWTE,1997,2633220,15,6124269,5060985,0.42996478436855073
BWTE,1998,2368799,15,6398810,2521674,0.3701936766367496
BWTE,1999,2942002,15,7149484,3862035,0.41149850814408423
BWTE,2000,2555284,15,7431442,2422495,0.3438476677877591
BWTE,2001,2119374,15,5756998,2747207,0.36813874175394884
BWTE,2002,1136430,14,4201512,1374596,0.27048119819722044
BWTE,2003,2660589,15,5518162,3522290,0.48215130327815675
BWTE,2004,1797222,15,4073036,2512608,0.441248739269675
BWTE,2005,2584844,15,4585521,3920545,0.5636969059786228
BWTE,2006,3518000,15,5859570,4449543,0.6003853525088019
BWTE,2007,3322326,15,6707612,5040220,0.49530682454500946
BWTE,2008,3400204,15,6640095,3054784,0.5120715893372008
BWTE,2009,2523102,15,7383834,3568060,0.34170621928932854
BWTE,2010,1868624,15,6328510,3728694,0.295270766736562
BWTE,2011,3351850,15,8948452,4892732,0.37457316639794236
BWTE,2012,3530745,15,9242270,3885112,0.3820214081605493
BWTE,2013,3855224,15,7726372,4550526,0.49896950340987983
BWTE,2014,4417666,15,8541532,4629889,0.517198319926683
BWTE,2015,5258254,15,8547301,4150975,0.615194667884049
BWTE,2016,3333324,15,6689364,3494462,0.49830208073592647
BWTE,2017,4764431,15,7888919,4330258,0.6039396525683683
BWTE,2018,3211956,15,6450455,3660150,0.49794254823884515
BWTE,2019,1796373,15,5427613,2855574,0.33096924928140603
BWTE,2022,2021599,15,6491077,3473499,0.3114427698207863
BWTE,2023,2056616,14,5247707,3248412,0.3919075512409515
BWTE,2024,1714871,15,4598956,2681246,0.3728826716324314
BWTE,2025,1962184,15,4431738,2552311,0.44275722075628116
BWTE,2026,1910296,15,3961875,3293177,0.4821696797602145
CANV,1955,399137,15,465309,7302153,0.8577891250760248
CANV,1956,556795,15,609969,4856895,0.912825077995767
CANV,1957,511140,15,601234,3325415,0.850151521703696
CANV,1958,536410,15,736859,3240695,0.7279683087266356
CANV,1959,198684,15,482014,1955078,0.4121954963963702
CANV,1960,252027,15,599370,3647372,0.4204865108363782
CANV,1961,239697,15,428798,1977192,0.5589974766673352
CANV,1962,272540,15,354388,2369089,0.769044098558642
CANV,1963,226420,15,500403,2482026,0.4524753049042472
CANV,1964,267999,15,636743,3370717,0.4208903749236348
CANV,1965,309649,15,513585,4378814,0.6029167518521764
CANV,1966,301564,15,662022,4554515,0.45551960508865263
CANV,1967,310612,15,501974,4691186,0.6187810524051046
CANV,1968,192602,15,563068,1985679,0.34205815283411595
CANV,1969,250853,15,502889,3547611,0.49882379610609895
CANV,1970,335015,15,579443,4875039,0.5781673089501469
CANV,1971,310385,15,444115,4053407,0.698884297985882
CANV,1972,233938,15,425230,4009243,0.5501446276132916
CANV,1973,317874,15,619759,2949486,0.5128993689482525
CANV,1974,316382,15,506507,6390098,0.6246350001085869
CANV,1975,409394,15,588826,5320110,0.6952716082509943
CANV,1976,446136,15,608185,4598798,0.7335531129508291
CANV,1977,379262,15,657912,2277918,0.5764631136078989
CANV,1978,217498,15,367128,3622055,0.5924309777516289
CANV,1979,383709,15,576052,4858941,0.666101324186011
CANV,1980,415165,15,728720,2140904,0.56971813590954
CANV,1981,225392,15,615093,1443017,0.366435644691128
CANV,1982,275153,15,507608,3184864,0.5420580447904683
CANV,1983,295767,15,521036,3905709,0.5676517553489586
CANV,1984,222514,15,525381,2473067,0.42352882955417115
CANV,1985,220919,15,371243,4283087,0.5950792338172033
CANV,1986,234764,15,438350,4024673,0.5355629063533706
CANV,1987,274113,15,450109,2523746,0.6089924884861222
CANV,1988,211250,15,435047,2110148,0.4855797189728926
CANV,1989,151652,15,477439,1692745,0.3176363891512842
CANV,1990,209424,15,539318,2817292,0.388312646713071
CANV,1991,232249,15,491151,2493902,0.4728667965656183
CANV,1992,189450,15,481526,2783913,0.3934366991605853
CANV,1993,171859,15,472056,2261138,0.3640648567119155
CANV,1994,209936,15,525605,3769146,0.3994178137574795
CANV,1995,434613,15,764379,3892539,0.5685831243401507
CANV,1996,432958,15,848486,5002560,0.5102712360604653
CANV,1997,412104,15,688753,5060985,0.5983335099810817
CANV,1998,381963,15,685862,2521674,0.5569094074318157
CANV,1999,380024,15,716035,3862035,0.5307338328433666
CANV,2000,369052,15,706754,2422495,0.522178862800918
CANV,2001,320393,15,579825,2747207,0.5525684473763636
CANV,2002,149683,14,485271,1374596,0.3084523905199363
CANV,2003,306286,15,557574,3522290,0.549319014157762
CANV,2004,241146,15,617227,2512608,0.3906925652960742
CANV,2005,252789,15,520278,3920545,0.48587293716051805
CANV,2006,450448,15,691015,4449543,0.6518642865929104
CANV,2007,528890,15,864925,5040220,0.6114865450761626
CANV,2008,275794,15,488667,3054784,0.5643802425782792
CANV,2009,380605,15,662133,3568060,0.57481653987945025
CANV,2010,266310,15,585164,3728694,0.4551031847482073
CANV,2011,435719,15,691559,4892732,0.6300532564828164
CANV,2012,511071,15,759937,3885112,0.6725175902739307
CANV,2013,497668,15,786085,4550526,0.6330969297213406
CANV,2014,455669,15,685264,4629889,0.6649539447570572
CANV,2015,422097,15,757281,4150975,0.55738490731974
CANV,2016,396201,15,736471,3494462,0.5379723030506293
CANV,2017,435581,15,732528,4330258,0.5946270995784462
CANV,2018,361352,15,686081,3660150,0.5266899972452233
CANV,2019,349376,15,651923,2855574,0.5359160514355223
CANV,2022,346037,15,586646,3473499,0.5898565744929651
CANV,2023,374531,14,608304,3248412,0.6156970856676924
CANV,2024,327355,15,566317,2681246,0.57804198002179
CANV,2025,352801,15,690239,2552311,0.5111287539533408
CANV,2026,373057,15,781618,3293177,0.47728813819538446
GADW,1955,586962,15,591806,7302153,0.991814885283353
GADW,1956,710982,15,711997,4856895,0.9985744321956412
GADW,1957,586343,15,594287,3325415,0.9866327212272858
GADW,1958,390377,15,438813,3240695,0.8896204077819025
GADW,1959,473436,15,527374,1955078,0.897723437257051
GADW,1960,623787,15,720870,3647372,0.8653252320113196
GADW,1961,459216,15,591203,1977192,0.7767484265133973
GADW,1962,589323,15,841427,2369089,0.7003851789876008
GADW,1963,588630,15,987403,2482026,0.5961395701653732
GADW,1964,628582,15,806474,3370717,0.779420043299598
GADW,1965,720604,15,1253690,4378814,0.57478643045729
GADW,1966,1133802,15,1672308,4554515,0.6779863517964394
GADW,1967,906968,15,1384548,4691186,0.6550643242415576
GADW,1968,1214180,15,1948869,1985679,0.6230177605575337
GADW,1969,825271,15,1573305,3547611,0.5245460988174575
GADW,1970,905108,15,1607987,4875039,0.5628826601210084
GADW,1971,984325,15,1603591,4053407,0.6138254704597369
GADW,1972,1000842,15,1622858,4009243,0.6167156953966397
GADW,1973,798916,15,1245532,2949486,0.6414255113477615
GADW,1974,1193160,15,1590335,6390098,0.7502570213194075
GADW,1975,1088402,15,1641873,5320110,0.6629026727402181
GADW,1976,1044254,15,1242761,4598798,0.8402693679637516
GADW,1977,1066633,15,1297011,2277918,0.8223777593250944
GADW,1978,856939,15,1556047,3622055,0.5507153704226158
GADW,1979,1108222,15,1756012,4858941,0.6311016097839878
GADW,1980,913536,15,1391092,2140904,0.6567042294830249
GADW,1981,776570,15,1393688,1443017,0.5572050559379144
GADW,1982,882973,15,1632219,3184864,0.5409647847500856
GADW,1983,764714,15,1517806,3905709,0.5038285525291111
GADW,1984,631794,15,1513858,2473067,0.4173403317880541
GADW,1985,808038,15,1301910,4283087,0.6206558057008549
GADW,1986,886734,15,1547139,4024673,0.5731443651798578
GADW,1987,729651,15,1305608,2523746,0.5588591675296107
GADW,1988,689186,15,1349927,2110148,0.5105357548963759
GADW,1989,698513,15,1414555,1692745,0.4938040585201707
GADW,1990,1064401,15,1672062,2817292,0.6365798636653426
GADW,1991,865668,15,1583655,2493902,0.546626632694621
GADW,1992,1090400,15,2032758,2783913,0.5364140738838563
GADW,1993,922230,15,1755219,2261138,0.5254216140549983
GADW,1994,1201480,15,2318290,3769146,0.5182613046685273
GADW,1995,1075322,15,2689311,3892539,0.39985037059678114
GADW,1996,1434866,15,2983993,5002560,0.4808543451676998
GADW,1997,1555052,15,3897210,5060985,0.3990167324829814
GADW,1998,1805263,15,3742224,2521674,0.4824037791430978
GADW,1999,1476853,15,3235477,3862035,0.456456034148906
GADW,2000,1045896,15,3158410,2422495,0.3311463679509627
GADW,2001,1078457,15,2679155,2747207,0.40253624743622524
GADW,2002,823337,14,2233923,1374596,0.368561047090701
GADW,2003,1411588,15,2549029,3522290,0.5537747903221187
GADW,2004,1189300,15,2589576,2512608,0.45926437378165386
GADW,2005,1181640,15,2179098,3920545,0.542261063981519
GADW,2006,1782776,15,2824731,4449543,0.6311312475418013
GADW,2007,1770752,15,3355901,5040220,0.52765322934139
GADW,2008,1544037,15,2727676,3054784,0.5660631981217711
GADW,2009,1562719,15,3053519,3568060,0.5117764127225015
GADW,2010,1338154,15,2976662,3728694,0.44954852112870053
GADW,2011,1458766,15,3256940,4892732,0.44789464957905273
GADW,2012,1635173,15,3585613,3885112,0.45603722431840804
GADW,2013,1772631,15,3351362,4550526,0.5289285371141643
GADW,2014,2255887,15,3811019,4629889,0.5919380092306021
GADW,2015,2232167,15,3834078,4150975,0.5821913377870769
GADW,2016,2260916,15,3712046,3494462,0.6090754263282298
GADW,2017,2494037,15,4179993,4330258,0.5966605685703301
GADW,2018,1737711,15,2885912,3660150,0.6021358239613682
GADW,2019,1839260,15,3258709,2855574,0.5644136987991256
GADW,2022,1429511,15,2684717,3473499,0.5324624532120146
GADW,2023,1515407,14,2559320,3248412,0.5921131394276604
GADW,2024,1115166,15,2284433,2681246,0.4881587684996671
GADW,2025,1374091,15,2413934,2552311,0.569233044482575
GADW,2026,1405424,15,2351469,3293177,0.5976791529039932
MALL,1955,5648955,15,6387551,7302153,0.884369455523721
MALL,1956,7077038,15,8849976,4856895,0.7996674793242378
MALL,1957,6687548,15,8598931,3325415,0.7777185326873771
MALL,1958,7526767,15,10744979,3240695,0.700491550518619
MALL,1959,4450621,15,8741577,1955078,0.5091325054964339
MALL,1960,4996010,15,7087205,3647372,0.7049337503289379
MALL,1961,3311984,15,7033143,1977192,0.47091094266105493
MALL,1962,2302745,15,5248946,2369089,0.4387061707245607
MALL,1963,3107040,15,6427435,2482026,0.4834027882040036
MALL,1964,2924680,15,5681183,3370717,0.5148012306591778
MALL,1965,2235371,15,5075285,4378814,0.4404424579112306
MALL,1966,3855499,15,6675911,4554515,0.5775240263089187
MALL,1967,3680207,15,7501176,4691186,0.490617337868089
MALL,1968,3241899,15,7080803,1985679,0.45784341126281863
MALL,1969,3657932,15,7523129,3547611,0.4862248141697424
MALL,1970,4987883,15,9977342,4875039,0.49992102104949393
MALL,1971,5567476,15,9181656,4053407,0.6063694828035379
MALL,1972,4967800,15,9256923,4009243,0.5366578073513196
MALL,1973,4332286,15,8070517,2949486,0.5368040238314349
MALL,1974,3991430,15,6636543,6390098,0.6014321010200642
MALL,1975,4227353,15,7479621,5320110,0.5651827813200696
MALL,1976,5038742,15,7682242,4598798,0.6558947244827746
MALL,1977,3976650,15,7141345,2277918,0.5568488849089352
MALL,1978,3031531,15,7164853,3622055,0.42311140228557376
MALL,1979,3587117,15,7619144,4858941,0.47080315059014505
MALL,1980,3652819,15,7438346,2140904,0.49107946847323314
MALL,1981,2809807,15,6138144,1443017,0.4577616621571602
MALL,1982,3126482,15,6133982,3184864,0.5096985938335
MALL,1983,2870273,15,6179014,3905709,0.46451958192682524
MALL,1984,2254500,15,5145601,2473067,0.4381412394781484
MALL,1985,2215084,15,4688947,4283087,0.47240542492802756
MALL,1986,2623984,15,6124237,4024673,0.4284589247607498
MALL,1987,2277186,15,5789776,2523746,0.3933115892566483
MALL,1988,2290148,15,6369340,2110148,0.35955813318177393
MALL,1989,1775926,15,5645441,1692745,0.3145770188723963
MALL,1990,2325323,15,5452386,2817292,0.42647805933035554
MALL,1991,2036812,15,5444580,2493902,0.37409901222867514
MALL,1992,2361161,15,5976080,2783913,0.3951019731998233
MALL,1993,2033944,15,5708294,2261138,0.35631381284846225
MALL,1994,2529916,15,6980067,3769146,0.36244866990531754
MALL,1995,3003243,15,8093512,3892539,0.3710679615968939
MALL,1996,3295070,15,7941318,5002560,0.4149273458133776
MALL,1997,3770795,15,9939692,5060985,0.37936738884866855
MALL,1998,3838280,15,9640363,2521674,0.3981468332675855
MALL,1999,4074852,15,10805682,3862035,0.37710271318367505
MALL,2000,3467549,15,9470214,2422495,0.3661531830220521
MALL,2001,2839377,15,7903955,2747207,0.3592349652800402
MALL,2002,2388341,14,7485561,1374596,0.31905972044045866
MALL,2003,3242758,15,7949742,3522290,0.4079073257974913
MALL,2004,2603024,15,7425316,2512608,0.3505607034097943
MALL,2005,2854992,15,6745427,3920545,0.4232485208126928
MALL,2006,3243740,15,7276541,4449543,0.44578048828419986
MALL,2007,3372410,15,8307297,5040220,0.40595755755452106
MALL,2008,3163248,15,7723809,3054784,0.4095450832613805
MALL,2009,3038138,15,8512379,3568060,0.3569082156703784
MALL,2010,2647467,15,8430141,3728694,0.3140477721547006
MALL,2011,3552817,15,9182591,4892732,0.38690789995982616
MALL,2012,4163633,15,10601517,3885112,0.39273935984821795
MALL,2013,4164831,15,9674156,4550526,0.4305110440642057
MALL,2014,4598617,15,10899822,4629889,0.42189835760620675
MALL,2015,4998248,15,11643319,4150975,0.42928034523489395
MALL,2016,4742425,15,11792529,3494462,0.40215504240015015
MALL,2017,4603218,15,10488462,4330258,0.4388839850876134
MALL,2018,3881868,15,9255154,3660150,0.4194277048226318
MALL,2019,3125422,15,9423417,2855574,0.33166546699567684
MALL,2022,2493877,15,7434297,3473499,0.33545565908921854
MALL,2023,2248645,14,6096454,3248412,0.36884474154975994
MALL,2024,2009269,15,6609306,2681246,0.3040060484413946
MALL,2025,2345913,15,6553651,2552311,0.357955130659231
MALL,2026,2112928,15,5859292,3293177,0.3606114868485817
NOPI,1955,6881450,15,7024129,7302153,0.9796873035788494
NOPI,1956,8027752,15,8574828,4856895,0.936199769837949
NOPI,1957,4688826,15,5703856,3325415,0.8220449464362354
NOPI,1958,3224297,15,5471615,3240695,0.5892770233285785
NOPI,1959,1735463,15,5534584,1955078,0.31356701786439595
NOPI,1960,2970170,15,5406702,3647372,0.5493496774928598
NOPI,1961,1457929,15,3912731,1977192,0.37261161066273146
NOPI,1962,1014467,15,3344402,2369089,0.30333285292856543
NOPI,1963,1812954,15,3560684,2482026,0.5091589144108267
NOPI,1964,1385958,15,3026409,3370717,0.4579546254323193
NOPI,1965,1622688,15,3522302,4378814,0.4606896285440601
NOPI,1966,2866611,15,4776709,4554515,0.6001225948660469
NOPI,1967,3399278,15,5271716,4691186,0.6448143261131669
NOPI,1968,1365320,15,3483444,1985679,0.3919454424988603
NOPI,1969,3806958,15,5897981,3547611,0.6454679999816887
NOPI,1970,3982346,15,6386136,4875039,0.6235924195789129
NOPI,1971,4124629,15,5838394,4053407,0.7064663672921012
NOPI,1972,4189934,15,6973244,4009243,0.6008586534473769
NOPI,1973,2104969,15,4350591,2949486,0.48383518469099945
NOPI,1974,4610872,15,6589791,6390098,0.6996992772608418
NOPI,1975,3819663,15,5892133,5320110,0.6482648982974417
NOPI,1976,3755467,15,5467571,4598798,0.686862045321405
NOPI,1977,1044529,15,3918192,2277918,0.2665844348617934
NOPI,1978,2140003,15,5100466,3622055,0.41957009418355107
NOPI,1979,3232198,15,5368630,4858941,0.6020526652050896
NOPI,1980,1808466,15,4500802,2140904,0.4018097219117837
NOPI,1981,1242539,15,3472458,1443017,0.35782693411986555
NOPI,1982,1905958,15,3702016,3184864,0.5148432637784386
NOPI,1983,1507401,15,3504213,3905709,0.4301682003919282
NOPI,1984,818721,15,2963120,2473067,0.2763036934042496
NOPI,1985,1154812,15,2514065,4283087,0.4593405500653324
NOPI,1986,909119,15,2739747,4024673,0.33182589487277475
NOPI,1987,847497,15,2628344,2523746,0.3224452354790697
NOPI,1988,318714,15,2005521,2110148,0.15891830601624216
NOPI,1989,694137,15,2111902,1692745,0.3286786034579256
NOPI,1990,709655,15,2256631,2817292,0.3144754281936214
NOPI,1991,361045,15,1803384,2493902,0.2002041717127356
NOPI,1992,651261,15,2098141,2783913,0.3103990627893931
NOPI,1993,650413,15,2053417,2261138,0.31674667152361163
NOPI,1994,1216281,15,2972266,3769146,0.40921001014041136
NOPI,1995,861870,15,2627682,3892539,0.327996310055783
NOPI,1996,1225381,15,2735866,5002560,0.4478951088978773
NOPI,1997,1661362,15,3557993,5060985,0.46693796193528203
NOPI,1998,781810,15,2520648,2521674,0.3101623074701426
NOPI,1999,1051736,15,3057886,3862035,0.34394218751124145
NOPI,2000,697127,15,2907561,2422495,0.23976349937284205
NOPI,2001,843171,15,3295989,2747207,0.25581729793394337
NOPI,2002,286144,14,1789454,1374596,0.1599057589633486
NOPI,2003,1284561,15,2558228,3522290,0.5021292081862915
NOPI,2004,674691,15,2184603,2512608,0.3088391803911283
NOPI,2005,1207759,15,2558930,3920545,0.47197813148464396
NOPI,2006,1691899,15,3386426,4449543,0.4996119803001749
NOPI,2007,1299359,15,3335302,5040220,0.38957761546030917
NOPI,2008,692191,15,2612841,3054784,0.26491891393314787
NOPI,2009,663984,15,3224960,3568060,0.20588906529073228
NOPI,2010,591945,15,3508558,3728694,0.16871461152986497
NOPI,2011,1799906,15,4428646,4892732,0.40642354344872
NOPI,2012,984233,15,3473080,3885112,0.28338909555783337
NOPI,2013,1228254,15,3298791,4550526,0.37233459167313115
NOPI,2014,1249504,15,3220300,4629889,0.3880085706300655
NOPI,2015,1020439,15,3043012,4150975,0.33533847385419446
NOPI,2016,476075,15,2618471,3494462,0.18181411976684103
NOPI,2017,892447,15,2889229,4330258,0.30888759596418286
NOPI,2018,623606,15,2365323,3660150,0.2636451765784208
NOPI,2019,310645,15,2268469,2855574,0.13694037696790215
NOPI,2022,179328,15,1783615,3473499,0.10054187703063722
NOPI,2023,448099,14,2213436,3248412,0.20244497694986438
NOPI,2024,262899,15,1974979,2681246,0.13311483311974456
NOPI,2025,443258,15,2238820,2552311,0.19798733261271562
NOPI,2026,420068,15,1987526,3293177,0.21135220369444224
NSHO,1955,1119011,15,1125878,7302153,0.9939007601178813
NSHO,1956,1325859,15,1371356,4856895,0.9668233485688618
NSHO,1957,1073132,15,1189860,3325415,0.901897702250685
NSHO,1958,861011,15,1178304,3240695,0.7307205950247135
NSHO,1959,746423,15,1505350,1955078,0.4958468130335138
NSHO,1960,1178803,15,1753135,3647372,0.6723971627969324
NSHO,1961,658767,15,1311688,1977192,0.5022284262721013
NSHO,1962,326078,15,1197888,2369089,0.27221075760004276
NSHO,1963,699426,15,1317202,2482026,0.5309937276135324
NSHO,1964,837077,15,1643065,3370717,0.5094606725844687
NSHO,1965,677075,15,1408654,4378814,0.48065387242005486
NSHO,1966,1379986,15,2131487,4554515,0.6474287668655732
NSHO,1967,1516233,15,2313606,4691186,0.6553548875651256
NSHO,1968,951233,15,1683320,1985679,0.5650933868783119
NSHO,1969,1361821,15,2155543,3547611,0.6317763088001492
NSHO,1970,1216415,15,2229106,4875039,0.545696346427671
NSHO,1971,1399518,15,2009588,4053407,0.696420360790371
NSHO,1972,1476686,15,2465020,4009243,0.5990563971083399
NSHO,1973,1052438,15,1617502,2949486,0.6506563824959721
NSHO,1974,1390736,15,2008704,6390098,0.692354871598802
NSHO,1975,1331946,15,1977904,5320110,0.6734128653362347
NSHO,1976,1305698,15,1744951,4598798,0.7482720145150208
NSHO,1977,682421,15,1448474,2277918,0.47113099717357715
NSHO,1978,750780,15,1971668,3622055,0.3807841888188072
NSHO,1979,1169616,15,2402624,4858941,0.48680775685250793
NSHO,1980,940133,15,1904066,2140904,0.49375021664165003
NSHO,1981,939024,15,2329174,1443017,0.4031575142088998
NSHO,1982,1154777,15,2143025,3184864,0.5388537231250219
NSHO,1983,1114821,15,1870814,3905709,0.5959015701186756
NSHO,1984,606042,15,1615307,2473067,0.37518688397933025
NSHO,1985,1068572,15,1698985,4283087,0.6289472832308702
NSHO,1986,915643,15,2128192,4024673,0.4302445456049078
NSHO,1987,793792,15,1950176,2523746,0.4070360828971334
NSHO,1988,693710,15,1680919,2110148,0.41269686403687506
NSHO,1989,527719,15,1538343,1692745,0.3430437815233664
NSHO,1990,847651,15,1759343,2817292,0.4817997400165857
NSHO,1991,834784,15,1716185,2493902,0.48641842225634185
NSHO,1992,951221,15,1954374,2783913,0.48671390429876776
NSHO,1993,809022,15,2046472,2261138,0.39532522311568397
NSHO,1994,1201543,15,2912020,3769146,0.4126149545676197
NSHO,1995,1171829,15,2784037,3892539,0.4209099950898641
NSHO,1996,1763390,15,3448960,5002560,0.5112816617183151
NSHO,1997,2265286,15,4120388,5060985,0.5497749241090888
NSHO,1998,1211682,15,3183222,2521674,0.3806464016647284
NSHO,1999,1850379,15,3889550,3862035,0.4757308686094792
NSHO,2000,1456031,15,3520735,2422495,0.4135588165539298
NSHO,2001,1185263,15,3313503,2747207,0.35770693432298084
NSHO,2002,683049,14,2316967,1374596,0.2948030766083419
NSHO,2003,2009139,15,3619573,3522290,0.5550762479441635
NSHO,2004,1311144,15,2810430,2512608,0.46652789786616283
NSHO,2005,2071767,15,3589612,3920545,0.577156249756241
NSHO,2006,2490190,15,3680227,4449543,0.676640326805928
NSHO,2007,2748791,15,4552843,5040220,0.6037526442269149
NSHO,2008,1890910,15,3507830,3054784,0.5390540590621552
NSHO,2009,1557107,15,4376322,3568060,0.35580265803110467
NSHO,2010,1357126,15,4057426,3728694,0.3344795444205267
NSHO,2011,2522139,15,4640968,4892732,0.5434510645192986
NSHO,2012,2910428,15,5017560,3885112,0.5800484697741531
NSHO,2013,2707525,15,4737766,4550526,0.5714771476683315
NSHO,2014,2880112,15,5278857,4629889,0.5455938662479397
NSHO,2015,2710341,15,4391436,4150975,0.6171878629222879
NSHO,2016,1786920,15,3966899,3494462,0.45045764966539353
NSHO,2017,2498271,15,4353052,4330258,0.573912510119337
NSHO,2018,2202473,15,4207915,3660150,0.5234119510493914
NSHO,2019,1596568,15,3649239,2855574,0.43750710764627915
NSHO,2022,1214037,15,3036335,3473499,0.39983631582154144
NSHO,2023,1304643,14,2851772,3248412,0.4574850303600709
NSHO,2024,1196426,15,2645812,2681246,0.45219614999100466
NSHO,2025,1481220,15,2758184,2552311,0.5370272614154821
NSHO,2026,2109872,15,3288727,3293177,0.6415467139716978
