scenario,species,strata,loss,sustained,stat,r,js,rel_diff
1,MALL,26-40,0.1,TRUE,lo,-136913.61799401755,-136913.61799401752,2.1257074996006166e-16
1,MALL,26-40,0.1,TRUE,med,-97802.8302414068,-97802.8302414068,0
1,MALL,26-40,0.1,TRUE,hi,-58209.92812739412,-58209.92812739412,0
2,MALL+NOPI+BWTE+GADW+NSHO,26-40,0.1,TRUE,lo,-726759.9201487994,-726759.9201487994,0
2,MALL+NOPI+BWTE+GADW+NSHO,26-40,0.1,TRUE,med,-660378.1673180643,-660378.167318064,3.5257168570463834e-16
2,MALL+NOPI+BWTE+GADW+NSHO,26-40,0.1,TRUE,hi,-574739.0799443751,-574739.0799443751,0
3,NOPI,30-35,0.25,FALSE,lo,-112037.55287912236,-112037.55287912236,0
3,NOPI,30-35,0.25,FALSE,med,-97009.90019847761,-97009.90019847761,0
3,NOPI,30-35,0.25,FALSE,hi,-81593.02839637196,-81593.02839637196,0
4,CANV+GADW,27 33 38,0.5,TRUE,lo,-68915.95273962429,-68915.9527396243,2.1115452445889214e-16
4,CANV+GADW,27 33 38,0.5,TRUE,med,-59105.055750474305,-59105.055750474305,0
4,CANV+GADW,27 33 38,0.5,TRUE,hi,-46214.607550152075,-46214.60755015208,1.5743848103194556e-16
5,MALL+NOPI+BWTE+GADW+NSHO,36-40,0.01,FALSE,lo,-4763.323077745206,-4763.323077745207,1.9093701748306601e-16
5,MALL+NOPI+BWTE+GADW+NSHO,36-40,0.01,FALSE,med,-3860.142958489915,-3860.142958489915,0
5,MALL+NOPI+BWTE+GADW+NSHO,36-40,0.01,FALSE,hi,-2987.4877121993777,-2987.487712199378,1.522173125698585e-16
