species,model,es_lo,es_med,es_hi,k_index_min,dev_expl
MALL,main,0.16962752605804352,0.3183042126481469,0.4516679559641252,0.6392318066440281,0.9540856038289884
NOPI,main,1.0115368391638944,1.299035820118187,1.599761988568197,0.6253814574912392,0.9236328574650324
BWTE,main,0.6119634791454336,0.8442090076429285,1.0825061189518856,0.6834043350659481,0.8673320013394076
GADW,main,0.26951265542575054,0.4480035943201268,0.618810938317269,0.7300186112157016,0.9281705445799114
NSHO,main,0.8049809694789608,0.9489399789988244,1.0760720416355263,0.7222913010888136,0.9076602776281172
CANV,main,0.5125747021227641,0.7750685826093121,1.0103399471123455,0.7506158080104057,0.8436082157392717
MALL,trend_x2,0.18980581009583947,0.33400779606511866,0.462510348326473,0.6742555831935024,0.9608096590044095
NOPI,trend_x2,0.9087501770004025,1.2316402961023143,1.4836505609178903,0.6345480861969726,0.9274266499378188
BWTE,trend_x2,0.6179423203809993,0.8675453329535241,1.0996649753386385,0.7027810216017555,0.8743047077756445
GADW,trend_x2,0.2323253697892782,0.4240594300455742,0.6024324021581883,0.739417638415118,0.9305872653720787
NSHO,trend_x2,0.7755869398053394,0.9192262499212012,1.0399806757679082,0.75625265027010935,0.919716575229723
CANV,trend_x2,0.5117450941190167,0.7776353384966881,1.0336655649455477,0.7529003747652435,0.844886648395401
MALL,ar1_0.2,0.1947178543629955,0.32979819169650065,0.5059589996783065,,
NOPI,ar1_0.2,0.991060257456523,1.2788684034429159,1.5448001956330522,,
BWTE,ar1_0.2,0.6386224388873796,0.8760250734008554,1.1145712046328062,,
GADW,ar1_0.2,0.2466682559060318,0.4303407901884984,0.6006919655186509,,
NSHO,ar1_0.2,0.8128923420783988,0.9427562190733971,1.0738340962971478,,
CANV,ar1_0.2,0.5082825112703993,0.7795154030820752,0.998659623002103,,
MALL,year_re,0.20838578115445022,0.363942565294033,0.5000565053115975,0.7474436183228587,0.9659123707108176
NOPI,year_re,0.8210148038746085,1.1438978621570257,1.4876436972477847,0.7492350565878756,0.9495440491625543
BWTE,year_re,0.6548766160065262,0.7901290050113412,0.9438529200545326,0.7434811873029968,0.8893638560634949
GADW,year_re,0.3112747847062672,0.43260049007297197,0.5781402875565673,0.7759852233918441,0.9410737788558349
NSHO,year_re,0.7838453493872699,0.8949509319728143,1.0441512820607575,0.8081945768975881,0.9274266067720461
CANV,year_re,0.7556287262624535,0.8979531926735953,1.0825370351343462,0.7969276993027973,0.8658014213060057
